crystal_id,Binding Energy (kJ/mol/OSDA),Host,Guest SMILES,Guests/Cell,Metric,Parent ID,Substrate Theory,Complex
137444154,-1249.5788759747936,ACO,NCCN,1,opt,83510401,DFT,"ACO,NCCN"
137371716,-66.28492715891691,ACO,NCCN,2,frz,83510405,DFT,"ACO,NCCN"
137352989,-32.62575819202427,ACO,NCCN,2,MD,83510406,DFT,"ACO,NCCN"
137335164,-326.9081021097564,AEL,CC(C)NC(C)C,1,MD,87639868,DFT,"AEL,CC(C)NC(C)C"
137319294,-157.13131455974377,AEL,CC(C)NC(C)C,2,opt,87639872,DFT,"AEL,CC(C)NC(C)C"
137319294,-152.95208639058768,AEL,CC(C)NC(C)C,2,frz,87639872,DFT,"AEL,CC(C)NC(C)C"
137331894,-121.53284018026314,AEL,CCNCC,1,frz,87638436,DFT,"AEL,CCNCC"
137447004,-210.28156680764963,AEL,CCNCC,2,MD,87638437,DFT,"AEL,CCNCC"
137352706,-139.22616736848795,AEL,CCNCC,2,opt,87638439,DFT,"AEL,CCNCC"
139585458,-130.24653518966636,AFI,N[C@H]1CC[C@H](N)CC1,1,frz,83514923,DFT,"AFI,N[C@H]1CC[C@H](N)CC1"
137368674,-138.63394870097548,AFI,N[C@H]1CC[C@H](N)CC1,1,opt,83514924,DFT,"AFI,N[C@H]1CC[C@H](N)CC1"
137368674,-106.60840867435054,AFI,N[C@H]1CC[C@H](N)CC1,1,MD,83514924,DFT,"AFI,N[C@H]1CC[C@H](N)CC1"
139594316,-135.98389459372981,AFI,N[C@H]1CC[C@H](N)CC1,1,opt,137442022,SLC,"AFI,N[C@H]1CC[C@H](N)CC1"
137444242,-138.51598575380086,AFI,N[C@H]1CC[C@H](N)CC1,1,frz,137442023,SLC,"AFI,N[C@H]1CC[C@H](N)CC1"
137444242,-113.19734867434506,AFI,N[C@H]1CC[C@H](N)CC1,1,MD,137442023,SLC,"AFI,N[C@H]1CC[C@H](N)CC1"
137349148,-130.6884543388208,AFI,C1CN2CCN1CC2,1,opt,83524051,DFT,"AFI,C1CN2CCN1CC2"
137349148,-100.303269721766,AFI,C1CN2CCN1CC2,1,frz,83524051,DFT,"AFI,C1CN2CCN1CC2"
137349148,-90.30876113740173,AFI,C1CN2CCN1CC2,1,MD,83524051,DFT,"AFI,C1CN2CCN1CC2"
137444243,-115.94222046883104,AFI,C1CN2CCN1CC2,1,opt,137442024,SLC,"AFI,C1CN2CCN1CC2"
137444243,-112.75278739487878,AFI,C1CN2CCN1CC2,1,frz,137442024,SLC,"AFI,C1CN2CCN1CC2"
137445993,-100.51218732383042,AFI,C1CN2CCN1CC2,1,MD,137442026,SLC,"AFI,C1CN2CCN1CC2"
137343326,-121.306502996608,AFI,C1CCNCC1,1,opt,83522558,DFT,"AFI,C1CCNCC1"
137343326,-90.97197027582067,AFI,C1CCNCC1,1,frz,83522558,DFT,"AFI,C1CCNCC1"
137337303,-81.22682932327571,AFI,C1CCNCC1,1,MD,83522559,DFT,"AFI,C1CCNCC1"
137444245,-116.11733649285502,AFI,C1CCNCC1,1,opt,137442027,SLC,"AFI,C1CCNCC1"
137444247,-105.06506434577166,AFI,C1CCNCC1,1,MD,137442029,SLC,"AFI,C1CCNCC1"
137444247,-99.16688689830485,AFI,C1CCNCC1,1,frz,137442029,SLC,"AFI,C1CCNCC1"
137322855,-122.24815047191612,AFI,C1CNCCNC1,1,opt,83511546,DFT,"AFI,C1CNCCNC1"
137443678,-102.0423644732659,AFI,C1CNCCNC1,1,frz,83511547,DFT,"AFI,C1CNCCNC1"
137443680,-94.43778855316106,AFI,C1CNCCNC1,1,MD,83511548,DFT,"AFI,C1CNCCNC1"
137447530,-125.65640259371317,AFI,C1CNCCNC1,1,opt,137442051,SLC,"AFI,C1CNCCNC1"
137447531,-122.45842972489952,AFI,C1CNCCNC1,1,MD,137442052,SLC,"AFI,C1CNCCNC1"
137447532,-120.57056607413082,AFI,C1CNCCNC1,1,frz,137442053,SLC,"AFI,C1CNCCNC1"
137443672,-88.99383025971173,AFI,CC(C)N,1,opt,83511534,DFT,"AFI,CC(C)N"
137354858,-70.3913185631273,AFI,CC(C)N,1,frz,83511536,DFT,"AFI,CC(C)N"
137354858,-61.53439855352796,AFI,CC(C)N,1,MD,83511536,DFT,"AFI,CC(C)N"
137444208,-78.28794793706311,AFI,CC(C)N,1,frz,137442066,SLC,"AFI,CC(C)N"
137444209,-100.79440120627613,AFI,CC(C)N,1,opt,137442067,SLC,"AFI,CC(C)N"
137444210,-87.6184389963568,AFI,CC(C)N,1,MD,137442068,SLC,"AFI,CC(C)N"
137443643,-80.39414905350506,AFI,CCCN,1,opt,83508401,DFT,"AFI,CCCN"
139697770,-75.71835148743651,AFI,CCCN,2,frz,83508403,DFT,"AFI,CCCN"
137444144,-61.03222709003274,AFI,CCCN,2,MD,83508404,DFT,"AFI,CCCN"
137444227,-78.9088946249482,AFI,CCCN,1,frz,137442085,SLC,"AFI,CCCN"
137444228,-90.42322693744381,AFI,CCCN,1,MD,137442086,SLC,"AFI,CCCN"
137444228,-85.40567354766236,AFI,CCCN,1,opt,137442086,SLC,"AFI,CCCN"
137335629,-57.84620565119181,AFI,CNC,2,frz,83494065,DFT,"AFI,CNC"
137335629,-49.49323065372045,AFI,CNC,2,MD,83494065,DFT,"AFI,CNC"
137333111,-63.973811332690964,AFI,CNC,3,opt,83494066,DFT,"AFI,CNC"
137444965,-74.36341543317589,AFI,CNC,1,opt,137442734,SLC,"AFI,CNC"
137444965,-67.19589093039768,AFI,CNC,1,MD,137442734,SLC,"AFI,CNC"
137446051,-58.89651054738558,AFI,CNC,1,frz,137442735,SLC,"AFI,CNC"
137444175,-107.31906824468756,AFI,C1COCCN1,1,opt,83511764,DFT,"AFI,C1COCCN1"
137444175,-68.34390341084392,AFI,C1COCCN1,1,MD,83511764,DFT,"AFI,C1COCCN1"
139605383,-95.71206517395305,AFI,C1COCCN1,2,frz,83511767,DFT,"AFI,C1COCCN1"
137445100,-89.26433166699718,AFI,C1COCCN1,1,frz,137442753,SLC,"AFI,C1COCCN1"
137445101,-106.60981240660588,AFI,C1COCCN1,1,opt,137442754,SLC,"AFI,C1COCCN1"
137445102,-96.40299693544584,AFI,C1COCCN1,1,MD,137442755,SLC,"AFI,C1COCCN1"
137441082,-82.55734184242087,AFI,CN1CCNCC1,1,MD,83542590,DFT,"AFI,CN1CCNCC1"
137320206,-101.47841359116795,AFI,CN1CCNCC1,1,frz,83542592,DFT,"AFI,CN1CCNCC1"
137320206,-53.309674025186986,AFI,CN1CCNCC1,1,opt,83542592,DFT,"AFI,CN1CCNCC1"
137445103,-110.38315338538936,AFI,CN1CCNCC1,1,frz,137442757,SLC,"AFI,CN1CCNCC1"
137445105,-118.31159010855283,AFI,CN1CCNCC1,1,opt,137442759,SLC,"AFI,CN1CCNCC1"
137445105,-113.17079900938292,AFI,CN1CCNCC1,1,MD,137442759,SLC,"AFI,CN1CCNCC1"
137442359,-116.98550973809192,AFI,C[C@H](CN)CCCN,1,MD,83492531,DFT,"AFI,C[C@H](CN)CCCN"
137320193,-149.17035167175078,AFI,C[C@H](CN)CCCN,1,opt,83492532,DFT,"AFI,C[C@H](CN)CCCN"
137320193,-137.64056001018145,AFI,C[C@H](CN)CCCN,1,frz,83492532,DFT,"AFI,C[C@H](CN)CCCN"
137448461,-147.61312209211974,AFI,C[C@H](CN)CCCN,1,frz,137442624,SLC,"AFI,C[C@H](CN)CCCN"
137446043,-164.78271589002895,AFI,C[C@H](CN)CCCN,1,opt,137442625,SLC,"AFI,C[C@H](CN)CCCN"
137446043,-151.35860885106112,AFI,C[C@H](CN)CCCN,1,MD,137442625,SLC,"AFI,C[C@H](CN)CCCN"
137442361,-144.07142402451225,AFI,C[C@@H](CN)CCCN,1,opt,83492533,DFT,"AFI,C[C@@H](CN)CCCN"
137442361,-127.10676310778798,AFI,C[C@@H](CN)CCCN,1,frz,83492533,DFT,"AFI,C[C@@H](CN)CCCN"
137442361,-105.19918033813008,AFI,C[C@@H](CN)CCCN,1,MD,83492533,DFT,"AFI,C[C@@H](CN)CCCN"
137446044,-147.49260903804785,AFI,C[C@@H](CN)CCCN,1,opt,137442638,SLC,"AFI,C[C@@H](CN)CCCN"
137446044,-146.7854305288165,AFI,C[C@@H](CN)CCCN,1,frz,137442638,SLC,"AFI,C[C@@H](CN)CCCN"
137444762,-144.93561472950628,AFI,C[C@@H](CN)CCCN,1,MD,137442640,SLC,"AFI,C[C@@H](CN)CCCN"
137440450,-108.77108241286965,AFN,NCCCN,1,MD,83528902,DFT,"AFN,NCCCN"
137355250,-123.64042779069459,AFN,NCCCN,2,frz,83528904,DFT,"AFN,NCCCN"
137355250,-118.01638894283205,AFN,NCCCN,2,opt,83528904,DFT,"AFN,NCCCN"
137489303,-101.93233068934947,AFN,CC(C)N,1,frz,83511927,DFT,"AFN,CC(C)N"
137489303,-87.31977794843357,AFN,CC(C)N,1,MD,83511927,DFT,"AFN,CC(C)N"
137443691,-94.15044326112658,AFN,CC(C)N,3,opt,83511932,DFT,"AFN,CC(C)N"
137355882,-150.16352327058172,AFO,CCCNCCC,1,frz,87638523,DFT,"AFO,CCCNCCC"
137355882,-137.99323603128337,AFO,CCCNCCC,1,opt,87638523,DFT,"AFO,CCCNCCC"
137355882,-95.48570392027617,AFO,CCCNCCC,1,MD,87638523,DFT,"AFO,CCCNCCC"
137440616,-81.54515133202429,AFR,c1ccncc1,1,frz,83509650,DFT,"AFR,c1ccncc1"
137440616,-81.26995205470949,AFR,c1ccncc1,1,opt,83509650,DFT,"AFR,c1ccncc1"
137440641,-74.86493677462444,AFR,c1ccncc1,4,MD,83509661,DFT,"AFR,c1ccncc1"
137443752,-77.45567718067026,AFY,CCCCN,1,opt,83504873,DFT,"AFY,CCCCN"
137332460,-87.78577138965557,AFY,CCCCN,1,frz,83504875,DFT,"AFY,CCCCN"
137443756,-71.11345906285815,AFY,CCCCN,2,MD,83504885,DFT,"AFY,CCCCN"
137447566,-83.5713352463149,AFY,CCCCN,2,opt,137442116,SLC,"AFY,CCCCN"
137447567,-95.28056547405856,AFY,CCCCN,2,frz,137442117,SLC,"AFY,CCCCN"
137447570,-81.67180358981643,AFY,CCCCN,3,MD,137442119,SLC,"AFY,CCCCN"
137365228,-99.45151665039339,AFY,CCCNCCC,1,frz,83500162,DFT,"AFY,CCCNCCC"
137365228,-73.87713040608148,AFY,CCCNCCC,1,opt,83500162,DFT,"AFY,CCCNCCC"
137443735,-88.30246265424147,AFY,CCCNCCC,1,MD,83500164,DFT,"AFY,CCCNCCC"
137447585,-109.33958364667066,AFY,CCCNCCC,1,frz,137442128,SLC,"AFY,CCCNCCC"
137447585,-97.80669543075922,AFY,CCCNCCC,1,MD,137442128,SLC,"AFY,CCCNCCC"
137447589,-98.4595424343312,AFY,CCCNCCC,1,opt,137442130,SLC,"AFY,CCCNCCC"
137330573,-107.67720051039964,AFY,CCN(CC)CC,1,frz,83496873,DFT,"AFY,CCN(CC)CC"
137327460,-86.01429397426602,AFY,CCN(CC)CC,1,MD,83496875,DFT,"AFY,CCN(CC)CC"
137327460,36.09112261315472,AFY,CCN(CC)CC,1,opt,83496875,DFT,"AFY,CCN(CC)CC"
137447605,-102.6353043685151,AFY,CCN(CC)CC,1,frz,137442139,SLC,"AFY,CCN(CC)CC"
137447605,-100.68842655959821,AFY,CCN(CC)CC,1,opt,137442139,SLC,"AFY,CCN(CC)CC"
137447605,-84.41338036669578,AFY,CCN(CC)CC,1,MD,137442139,SLC,"AFY,CCN(CC)CC"
137344827,-88.2496660343511,ASV,CNC,2,frz,83513294,DFT,"ASV,CNC"
137344827,-88.15287003577143,ASV,CNC,2,opt,83513294,DFT,"ASV,CNC"
137366776,-79.19989851254911,ASV,CNC,2,MD,83513295,DFT,"ASV,CNC"
137333617,73.2983622740269,ATN,CCN(CC)CC,1,frz,83513270,DFT,"ATN,CCN(CC)CC"
137333617,397.0907553450692,ATN,CCN(CC)CC,1,opt,83513270,DFT,"ATN,CCN(CC)CC"
137443699,368.35705731186624,ATN,CCN(CC)CC,2,MD,83513271,DFT,"ATN,CCN(CC)CC"
137319738,-80.0084123389241,ATO,CN(C)C,2,frz,87647523,DFT,"ATO,CN(C)C"
137440997,-167.7792497313905,ATO,CN(C)C,3,opt,87647527,DFT,"ATO,CN(C)C"
137440997,-87.7963043223149,ATO,CN(C)C,3,MD,87647527,DFT,"ATO,CN(C)C"
137340892,-190.61655790266832,ATS,CC(C)NC(C)C,1,opt,83494312,DFT,"ATS,CC(C)NC(C)C"
137340892,-185.41207520815925,ATS,CC(C)NC(C)C,1,MD,83494312,DFT,"ATS,CC(C)NC(C)C"
137448859,-130.16149978623685,ATS,CC(C)NC(C)C,1,frz,83494314,DFT,"ATS,CC(C)NC(C)C"
137444253,-131.2126040632725,ATS,CC(C)NC(C)C,2,frz,137442035,SLC,"ATS,CC(C)NC(C)C"
137444253,-119.11197115809601,ATS,CC(C)NC(C)C,2,MD,137442035,SLC,"ATS,CC(C)NC(C)C"
137444253,-116.09936224336354,ATS,CC(C)NC(C)C,2,opt,137442035,SLC,"ATS,CC(C)NC(C)C"
137348842,-136.92636701848846,ATS,CCN(C(C)C)C(C)C,1,opt,83609025,DFT,"ATS,CCN(C(C)C)C(C)C"
137348842,-123.25805918206963,ATS,CCN(C(C)C)C(C)C,1,MD,83609025,DFT,"ATS,CCN(C(C)C)C(C)C"
138103867,-121.85605682229908,ATS,CCN(C(C)C)C(C)C,2,frz,83609029,DFT,"ATS,CCN(C(C)C)C(C)C"
137444263,-10.664373601655399,ATS,CCN(C(C)C)C(C)C,1,MD,137442047,SLC,"ATS,CCN(C(C)C)C(C)C"
139594332,-113.94518235632998,ATS,CCN(C(C)C)C(C)C,2,frz,137442048,SLC,"ATS,CCN(C(C)C)C(C)C"
139594332,-51.457888766598415,ATS,CCN(C(C)C)C(C)C,2,opt,137442048,SLC,"ATS,CCN(C(C)C)C(C)C"
137317705,-97.54039436982895,AWO,CCNCC,3,frz,87650150,DFT,"AWO,CCNCC"
137317705,-86.700241151921,AWO,CCNCC,3,opt,87650150,DFT,"AWO,CCNCC"
137357496,-82.06215927595797,AWO,CCNCC,4,MD,87650154,DFT,"AWO,CCNCC"
137367930,-55.760311316753686,AWO,C1CCNC1,7,frz,87640183,DFT,"AWO,C1CCNC1"
137367930,-23.42626005274966,AWO,C1CCNC1,7,opt,87640183,DFT,"AWO,C1CCNC1"
137367930,5.247291059148583,AWO,C1CCNC1,7,MD,87640183,DFT,"AWO,C1CCNC1"
137345283,-148.18486850531306,AWW,C1CCCNCC1,2,frz,83519932,DFT,"AWW,C1CCCNCC1"
137371556,-143.4242704775598,AWW,C1CCCNCC1,2,opt,83519933,DFT,"AWW,C1CCCNCC1"
137371556,-137.6883708040933,AWW,C1CCCNCC1,2,MD,83519933,DFT,"AWW,C1CCCNCC1"
137496119,-155.96140598358065,AWW,C1CCCNCC1,1,frz,137442036,SLC,"AWW,C1CCCNCC1"
137496119,-149.907104859999,AWW,C1CCCNCC1,1,opt,137442036,SLC,"AWW,C1CCCNCC1"
137496119,-143.0258190034507,AWW,C1CCCNCC1,1,MD,137442036,SLC,"AWW,C1CCCNCC1"
137327920,-124.07314706498151,BEC,CN(C)CCN(C)C,1,opt,83525944,DFT,"BEC,CN(C)CCN(C)C"
137327920,-117.64538843506746,BEC,CN(C)CCN(C)C,1,MD,83525944,DFT,"BEC,CN(C)CCN(C)C"
137321456,-126.87473972284988,BEC,CN(C)CCN(C)C,3,frz,83525949,DFT,"BEC,CN(C)CCN(C)C"
137446775,-126.61201149422621,BEC,CN(C)CCN(C)C,2,frz,137442208,SLC,"BEC,CN(C)CCN(C)C"
137446775,-122.33643067651725,BEC,CN(C)CCN(C)C,2,opt,137442208,SLC,"BEC,CN(C)CCN(C)C"
137445997,-121.19660588832147,BEC,CN(C)CCN(C)C,3,MD,137442209,SLC,"BEC,CN(C)CCN(C)C"
137327457,-119.30166549359943,BEC,C1CN2CCN1CC2,2,frz,83500490,DFT,"BEC,C1CN2CCN1CC2"
137327457,-118.91572712470757,BEC,C1CN2CCN1CC2,2,opt,83500490,DFT,"BEC,C1CN2CCN1CC2"
137443746,-107.46995990938385,BEC,C1CN2CCN1CC2,4,MD,83500497,DFT,"BEC,C1CN2CCN1CC2"
137446933,-123.50129668886034,BEC,C1CN2CCN1CC2,4,opt,137442218,SLC,"BEC,C1CN2CCN1CC2"
137446933,-118.15367017994768,BEC,C1CN2CCN1CC2,4,frz,137442218,SLC,"BEC,C1CN2CCN1CC2"
137446933,-117.56467653173223,BEC,C1CN2CCN1CC2,4,MD,137442218,SLC,"BEC,C1CN2CCN1CC2"
137441062,-108.03805559172616,BPH,CCN(CC)CC,2,frz,83513278,DFT,"BPH,CCN(CC)CC"
137441062,-106.03916110174832,BPH,CCN(CC)CC,2,opt,83513278,DFT,"BPH,CCN(CC)CC"
137441064,-94.25512019634705,BPH,CCN(CC)CC,2,MD,83513279,DFT,"BPH,CCN(CC)CC"
139686915,-97.32276080489856,CGF,c1c[nH]cn1,3,frz,87645203,DFT,"CGF,c1c[nH]cn1"
137442428,-95.90764549225922,CGF,c1c[nH]cn1,4,opt,87645206,DFT,"CGF,c1c[nH]cn1"
137442428,-89.48100638444298,CGF,c1c[nH]cn1,4,MD,87645206,DFT,"CGF,c1c[nH]cn1"
137354836,-1801.6001573134656,CHA,C1CCNCC1,2,opt,87640072,DFT,"CHA,C1CCNCC1"
137354836,-1800.13917327406,CHA,C1CCNCC1,2,MD,87640072,DFT,"CHA,C1CCNCC1"
137354836,-120.39921104771832,CHA,C1CCNCC1,2,frz,87640072,DFT,"CHA,C1CCNCC1"
137447559,-114.21865647619776,CHA,C1CCNCC1,2,frz,137442110,SLC,"CHA,C1CCNCC1"
137496120,-111.86670098870928,CHA,C1CCNCC1,3,opt,137442113,SLC,"CHA,C1CCNCC1"
137496120,-99.11301992973681,CHA,C1CCNCC1,3,MD,137442113,SLC,"CHA,C1CCNCC1"
137449356,-164.27303027927877,CHA,CCN(C(C)C)C(C)C,3,frz,87638166,DFT,"CHA,CCN(C(C)C)C(C)C"
137449356,-154.41493065725555,CHA,CCN(C(C)C)C(C)C,3,opt,87638166,DFT,"CHA,CCN(C(C)C)C(C)C"
137449356,-143.61047450416018,CHA,CCN(C(C)C)C(C)C,3,MD,87638166,DFT,"CHA,CCN(C(C)C)C(C)C"
137447579,-165.62381215826457,CHA,CCN(C(C)C)C(C)C,3,frz,137442124,SLC,"CHA,CCN(C(C)C)C(C)C"
137447579,-145.53801973589884,CHA,CCN(C(C)C)C(C)C,3,MD,137442124,SLC,"CHA,CCN(C(C)C)C(C)C"
137447579,-135.9734384800495,CHA,CCN(C(C)C)C(C)C,3,opt,137442124,SLC,"CHA,CCN(C(C)C)C(C)C"
137447002,-129.98209113050964,CHA,CC(C)NC(C)C,3,frz,87638360,DFT,"CHA,CC(C)NC(C)C"
137447002,-129.44200428320124,CHA,CC(C)NC(C)C,3,opt,87638360,DFT,"CHA,CC(C)NC(C)C"
137447002,-119.60832552888812,CHA,CC(C)NC(C)C,3,MD,87638360,DFT,"CHA,CC(C)NC(C)C"
137447609,-125.94582041833777,CHA,CC(C)NC(C)C,2,MD,137442144,SLC,"CHA,CC(C)NC(C)C"
137447610,-140.35506373548196,CHA,CC(C)NC(C)C,3,frz,137442145,SLC,"CHA,CC(C)NC(C)C"
137447612,-136.97760200768232,CHA,CC(C)NC(C)C,3,opt,137442147,SLC,"CHA,CC(C)NC(C)C"
137324659,-95.878664439147,CHA,C1COCCN1,2,frz,87647601,DFT,"CHA,C1COCCN1"
137324659,-95.69987666642666,CHA,C1COCCN1,2,opt,87647601,DFT,"CHA,C1COCCN1"
137351772,-88.23104244067625,CHA,C1COCCN1,3,MD,87647604,DFT,"CHA,C1COCCN1"
137446278,-92.57039213929208,CHA,C1COCCN1,2,MD,137442168,SLC,"CHA,C1COCCN1"
137446281,-106.45190968454948,CHA,C1COCCN1,3,frz,137442172,SLC,"CHA,C1COCCN1"
137496121,-104.78699252226662,CHA,C1COCCN1,3,opt,137442173,SLC,"CHA,C1COCCN1"
137369075,-103.71991075935117,CHA,C1CNCCN1,2,frz,87638300,DFT,"CHA,C1CNCCN1"
137369075,-103.50378847608363,CHA,C1CNCCN1,2,opt,87638300,DFT,"CHA,C1CNCCN1"
137369075,-99.28783824163732,CHA,C1CNCCN1,2,MD,87638300,DFT,"CHA,C1CNCCN1"
137446330,-113.38205304669579,CHA,C1CNCCN1,2,opt,137442189,SLC,"CHA,C1CNCCN1"
137446330,-100.88633598722406,CHA,C1CNCCN1,2,MD,137442189,SLC,"CHA,C1CNCCN1"
137446348,-117.25809589024327,CHA,C1CNCCN1,3,frz,137442191,SLC,"CHA,C1CNCCN1"
137368493,-92.5871841532986,CHA,C1CCNC1,2,frz,87647692,DFT,"CHA,C1CCNC1"
137368493,-91.64427657976476,CHA,C1CCNC1,2,opt,87647692,DFT,"CHA,C1CCNC1"
137339655,-57.083956365201104,CHA,C1CCNC1,3,MD,87647695,DFT,"CHA,C1CCNC1"
137444855,-56.24250335535984,CHA,C1CCNC1,2,MD,137442586,SLC,"CHA,C1CCNC1"
137444857,-99.29182476896233,CHA,C1CCNC1,3,frz,137442587,SLC,"CHA,C1CCNC1"
137444857,-98.95604011049204,CHA,C1CCNC1,3,opt,137442587,SLC,"CHA,C1CCNC1"
139595456,-82.07345888440955,CHA,c1c[nH]cn1,7,frz,87645269,DFT,"CHA,c1c[nH]cn1"
137326385,-77.36472833006805,CHA,c1c[nH]cn1,7,opt,87645270,DFT,"CHA,c1c[nH]cn1"
137326385,-71.25708889041391,CHA,c1c[nH]cn1,7,MD,87645270,DFT,"CHA,c1c[nH]cn1"
137448474,-86.1179059577382,CHA,c1c[nH]cn1,4,frz,137442635,SLC,"CHA,c1c[nH]cn1"
137448474,-85.95393398769538,CHA,c1c[nH]cn1,4,opt,137442635,SLC,"CHA,c1c[nH]cn1"
137444753,-73.22124376780572,CHA,c1c[nH]cn1,4,MD,137442637,SLC,"CHA,c1c[nH]cn1"
137372998,-98.28940939444384,CHA,CN1CCCC1,2,opt,87638706,DFT,"CHA,CN1CCCC1"
137447007,-89.7551818152749,CHA,CN1CCCC1,3,MD,87638709,DFT,"CHA,CN1CCCC1"
137449365,-100.2240218291993,CHA,CN1CCCC1,3,frz,87638711,DFT,"CHA,CN1CCCC1"
137444860,-104.80113919927811,CHA,CN1CCCC1,3,opt,137442718,SLC,"CHA,CN1CCCC1"
137446050,-107.10307525174416,CHA,CN1CCCC1,3,frz,137442720,SLC,"CHA,CN1CCCC1"
137446050,-98.65362576215779,CHA,CN1CCCC1,3,MD,137442720,SLC,"CHA,CN1CCCC1"
137356443,-79.96189042768299,CHA,Cn1ccnc1,7,opt,124289416,DFT,"CHA,Cn1ccnc1"
137331520,-88.26015633140038,CHA,Cn1ccnc1,7,frz,124289418,DFT,"CHA,Cn1ccnc1"
137331520,-78.11245178079125,CHA,Cn1ccnc1,7,MD,124289418,DFT,"CHA,Cn1ccnc1"
137451396,-97.56188776040811,CHA,Cn1ccnc1,3,frz,137443939,SLC,"CHA,Cn1ccnc1"
137451396,-97.09841282683722,CHA,Cn1ccnc1,3,opt,137443939,SLC,"CHA,Cn1ccnc1"
137451399,-85.9101148023871,CHA,Cn1ccnc1,4,MD,137443942,SLC,"CHA,Cn1ccnc1"
137351999,-135.54539198960993,CHA,C[C@@H]1CNC[C@H](C)C1,2,opt,87646692,DFT,"CHA,C[C@@H]1CNC[C@H](C)C1"
137440967,-139.16891475095227,CHA,C[C@@H]1CNC[C@H](C)C1,3,frz,87646695,DFT,"CHA,C[C@@H]1CNC[C@H](C)C1"
137440967,-128.01054602183726,CHA,C[C@@H]1CNC[C@H](C)C1,3,MD,87646695,DFT,"CHA,C[C@@H]1CNC[C@H](C)C1"
137444215,-137.6077969739015,CHA,C[C@@H]1CNC[C@H](C)C1,2,opt,137442073,SLC,"CHA,C[C@@H]1CNC[C@H](C)C1"
137444219,-143.87388577793368,CHA,C[C@@H]1CNC[C@H](C)C1,3,frz,137442077,SLC,"CHA,C[C@@H]1CNC[C@H](C)C1"
137444219,-129.91455289264374,CHA,C[C@@H]1CNC[C@H](C)C1,3,MD,137442077,SLC,"CHA,C[C@@H]1CNC[C@H](C)C1"
137325447,-169.67993285723142,CZP,NCCNCCNCCN,1,MD,83526154,DFT,"CZP,NCCNCCNCCN"
137325447,-118.29794708488967,CZP,NCCNCCNCCN,1,frz,83526154,DFT,"CZP,NCCNCCNCCN"
137325447,-4.694261478538388,CZP,NCCNCCNCCN,1,opt,83526154,DFT,"CZP,NCCNCCNCCN"
137444180,-102.15209432843683,DFT,NCCN,1,frz,83511924,DFT,"DFT,NCCN"
137444180,-97.50886007404576,DFT,NCCN,1,opt,83511924,DFT,"DFT,NCCN"
137444180,-82.77262088691273,DFT,NCCN,1,MD,83511924,DFT,"DFT,NCCN"
137440432,51.598621765888915,DFT,C1CNCCN1,1,frz,83525972,DFT,"DFT,C1CNCCN1"
137440432,130.7532075640027,DFT,C1CNCCN1,1,opt,83525972,DFT,"DFT,C1CNCCN1"
137440432,142.15343011085758,DFT,C1CNCCN1,1,MD,83525972,DFT,"DFT,C1CNCCN1"
137342750,-55.41584751802208,DFT,CNC,1,MD,83496981,DFT,"DFT,CNC"
137360716,-56.55859608548744,DFT,CNC,1,frz,83496982,DFT,"DFT,CNC"
137360716,-50.76769987421118,DFT,CNC,1,opt,83496982,DFT,"DFT,CNC"
137316406,361.0128473607749,DOH,C1CN2CCC1CC2,5,frz,87641427,DFT,"DOH,C1CN2CCC1CC2"
137316406,755.625897685894,DOH,C1CN2CCC1CC2,5,MD,87641427,DFT,"DOH,C1CN2CCC1CC2"
137316406,768.971477505794,DOH,C1CN2CCC1CC2,5,opt,87641427,DFT,"DOH,C1CN2CCC1CC2"
137446241,-115.17443832664033,EAB,C1COCCN1,4,frz,87641879,DFT,"EAB,C1COCCN1"
137446241,-115.15944764432835,EAB,C1COCCN1,4,opt,87641879,DFT,"EAB,C1COCCN1"
137446241,-106.42956675809626,EAB,C1COCCN1,4,MD,87641879,DFT,"EAB,C1COCCN1"
137448855,-106.29116771244573,EAB,C1CCNCC1,4,MD,87644469,DFT,"EAB,C1CCNCC1"
137448856,-120.3204023241486,EAB,C1CCNCC1,4,frz,87644470,DFT,"EAB,C1CCNCC1"
137448857,-119.08909411116942,EAB,C1CCNCC1,4,opt,87644471,DFT,"EAB,C1CCNCC1"
137446082,-118.98392584051903,EAB,C1CN2CCN1CC2,3,frz,87640120,DFT,"EAB,C1CN2CCN1CC2"
137446082,-85.681861944383,EAB,C1CN2CCN1CC2,3,MD,87640120,DFT,"EAB,C1CN2CCN1CC2"
137446088,-100.22903777915387,EAB,C1CN2CCN1CC2,4,opt,87640123,DFT,"EAB,C1CN2CCN1CC2"
137446117,-123.54463186241374,EAB,C1CNCCN1,4,frz,87640551,DFT,"EAB,C1CNCCN1"
137446117,-122.45598514897614,EAB,C1CNCCN1,4,opt,87640551,DFT,"EAB,C1CNCCN1"
137446124,-103.70695337163446,EAB,C1CNCCN1,4,MD,87640553,DFT,"EAB,C1CNCCN1"
137446243,-89.18994834414111,EAB,CCCN,3,MD,87649366,DFT,"EAB,CCCN"
137446249,-98.07566354450746,EAB,CCCN,4,opt,87649369,DFT,"EAB,CCCN"
137447152,-98.93552693031714,EAB,CCCN,4,frz,87649370,DFT,"EAB,CCCN"
137446128,-118.08979030768339,EAB,CCCNCCC,3,frz,87640731,DFT,"EAB,CCCNCCC"
137446132,-108.30713046154548,EAB,CCCNCCC,3,MD,87640734,DFT,"EAB,CCCNCCC"
137446132,-88.60227483734913,EAB,CCCNCCC,3,opt,87640734,DFT,"EAB,CCCNCCC"
137446176,-119.99933859112807,EAB,CCN(CC)CC,3,frz,87648804,DFT,"EAB,CCN(CC)CC"
137446176,-102.83736741609471,EAB,CCN(CC)CC,3,MD,87648804,DFT,"EAB,CCN(CC)CC"
137446183,-120.17923827670936,EAB,CCN(CC)CC,4,opt,87648807,DFT,"EAB,CCN(CC)CC"
137447044,-109.08761127944203,EAB,NCCN,4,frz,87645694,DFT,"EAB,NCCN"
137447044,-105.53249909958336,EAB,NCCN,4,opt,87645694,DFT,"EAB,NCCN"
137447139,-92.34431026241813,EAB,NCCN,4,MD,87645695,DFT,"EAB,NCCN"
137368839,-114.40612117337326,GME,CCP(CC)CC,1,frz,83496888,DFT,"GME,CCP(CC)CC"
137368839,-105.59507537482631,GME,CCP(CC)CC,1,opt,83496888,DFT,"GME,CCP(CC)CC"
137353519,-99.56209666005397,GME,CCP(CC)CC,1,MD,83496889,DFT,"GME,CCP(CC)CC"
137445984,-139.83701156137488,GME,CCP(CC)CC,2,frz,137442340,SLC,"GME,CCP(CC)CC"
137445984,-123.48193616842872,GME,CCP(CC)CC,2,MD,137442340,SLC,"GME,CCP(CC)CC"
137445984,-112.4495475550655,GME,CCP(CC)CC,2,opt,137442340,SLC,"GME,CCP(CC)CC"
137440866,-89.00789010716576,GME,C1CN2CCN1CC2,1,MD,83523038,DFT,"GME,C1CN2CCN1CC2"
137330455,-99.28724943528383,GME,C1CN2CCN1CC2,1,frz,83523040,DFT,"GME,C1CN2CCN1CC2"
137330455,-99.20872196641012,GME,C1CN2CCN1CC2,1,opt,83523040,DFT,"GME,C1CN2CCN1CC2"
137444813,-20.785071291997987,GME,C1CN2CCN1CC2,2,frz,137442220,SLC,"GME,C1CN2CCN1CC2"
137444813,99.25024008025238,GME,C1CN2CCN1CC2,2,opt,137442220,SLC,"GME,C1CN2CCN1CC2"
137444813,112.43879237358574,GME,C1CN2CCN1CC2,2,MD,137442220,SLC,"GME,C1CN2CCN1CC2"
137504504,-170.30185252550015,GME,NCCNCCNCCN,1,frz,83494329,DFT,"GME,NCCNCCNCCN"
137504504,-159.65911405296615,GME,NCCNCCNCCN,1,opt,83494329,DFT,"GME,NCCNCCNCCN"
137504504,-133.37666272300865,GME,NCCNCCNCCN,1,MD,83494329,DFT,"GME,NCCNCCNCCN"
139594356,-160.16811172341443,GME,NCCNCCNCCN,1,frz,137442239,SLC,"GME,NCCNCCNCCN"
137447623,-143.92505773005405,GME,NCCNCCNCCN,1,opt,137442240,SLC,"GME,NCCNCCNCCN"
137447623,-132.27135466381498,GME,NCCNCCNCCN,1,MD,137442240,SLC,"GME,NCCNCCNCCN"
137328753,-98.80374897440542,GME,C1CNCCN1,3,frz,83497302,DFT,"GME,C1CNCCN1"
137328753,-89.5863655598693,GME,C1CNCCN1,3,opt,83497302,DFT,"GME,C1CNCCN1"
137443726,-81.95374377098358,GME,C1CNCCN1,3,MD,83497303,DFT,"GME,C1CNCCN1"
137447629,-98.95414803344795,GME,C1CNCCN1,3,frz,137442250,SLC,"GME,C1CNCCN1"
137447629,-85.33519359736674,GME,C1CNCCN1,3,opt,137442250,SLC,"GME,C1CNCCN1"
137447629,-75.32768701641251,GME,C1CNCCN1,3,MD,137442250,SLC,"GME,C1CNCCN1"
137348392,-101.41975019750521,GME,c1ccncc1,3,frz,87639388,DFT,"GME,c1ccncc1"
137348392,-100.95119756337803,GME,c1ccncc1,3,opt,87639388,DFT,"GME,c1ccncc1"
137348392,-91.84322791737523,GME,c1ccncc1,3,MD,87639388,DFT,"GME,c1ccncc1"
137444223,-103.68729984825143,GME,c1ccncc1,3,frz,137442081,SLC,"GME,c1ccncc1"
137444223,-100.96683429528434,GME,c1ccncc1,3,opt,137442081,SLC,"GME,c1ccncc1"
137444224,-92.5453187546556,GME,c1ccncc1,3,MD,137442082,SLC,"GME,c1ccncc1"
137442368,-82.01791620588385,GME,Cc1ncc[nH]1,3,MD,87641450,DFT,"GME,Cc1ncc[nH]1"
137373139,-96.022080534263,GME,Cc1ncc[nH]1,3,frz,87641451,DFT,"GME,Cc1ncc[nH]1"
137373139,-92.49295804110723,GME,Cc1ncc[nH]1,3,opt,87641451,DFT,"GME,Cc1ncc[nH]1"
139607707,-92.63341943423342,GME,Cc1ncc[nH]1,2,frz,137442280,SLC,"GME,Cc1ncc[nH]1"
137447652,-86.6918609198112,GME,Cc1ncc[nH]1,2,opt,137442282,SLC,"GME,Cc1ncc[nH]1"
137447654,-76.13694602709158,GME,Cc1ncc[nH]1,3,MD,137442284,SLC,"GME,Cc1ncc[nH]1"
137357042,-56.75935605917658,GME,CCNC,5,MD,87644562,DFT,"GME,CCNC"
137367937,-58.55398555339626,GME,CCNC,5,frz,87644563,DFT,"GME,CCNC"
137370673,-49.03577745515099,GME,CCNC,5,opt,87644564,DFT,"GME,CCNC"
137447665,-75.09557254340365,GME,CCNC,2,frz,137442298,SLC,"GME,CCNC"
137447665,-62.93100977789428,GME,CCNC,2,opt,137442298,SLC,"GME,CCNC"
137447666,-54.53067813900287,GME,CCNC,2,MD,137442299,SLC,"GME,CCNC"
137448151,-49.94120144832485,GME,CCNCC,5,frz,87649139,DFT,"GME,CCNCC"
137448151,-33.35918395962909,GME,CCNCC,5,MD,87649139,DFT,"GME,CCNCC"
137448151,-23.376632141354804,GME,CCNCC,5,opt,87649139,DFT,"GME,CCNCC"
139594367,-72.23061090301887,GME,CCNCC,2,frz,137442304,SLC,"GME,CCNCC"
137445935,-55.56060408833068,GME,CCNCC,2,MD,137442305,SLC,"GME,CCNCC"
137444826,-44.75642283944391,GME,CCNCC,3,opt,137442307,SLC,"GME,CCNCC"
137448892,-75.043274446838,GME,CCN(C)C,3,frz,87640853,DFT,"GME,CCN(C)C"
137448892,-64.9320908200037,GME,CCN(C)C,3,MD,87640853,DFT,"GME,CCN(C)C"
137448892,-61.73938605573414,GME,CCN(C)C,3,opt,87640853,DFT,"GME,CCN(C)C"
137444828,-65.78033862618982,GME,CCN(C)C,4,frz,137442313,SLC,"GME,CCN(C)C"
137444828,-42.165567458555046,GME,CCN(C)C,4,opt,137442313,SLC,"GME,CCN(C)C"
137445951,-45.2603966401457,GME,CCN(C)C,4,MD,137442315,SLC,"GME,CCN(C)C"
137440964,-75.43035584510434,GME,CN(C)C,4,frz,87646422,DFT,"GME,CN(C)C"
137440964,-74.47104046118196,GME,CN(C)C,4,opt,87646422,DFT,"GME,CN(C)C"
137369260,-65.64185345199753,GME,CN(C)C,4,MD,87646423,DFT,"GME,CN(C)C"
137445958,-62.73772521776554,GME,CN(C)C,3,MD,137442319,SLC,"GME,CN(C)C"
137445960,-72.27532589699335,GME,CN(C)C,3,frz,137442320,SLC,"GME,CN(C)C"
137445960,-70.16993911661774,GME,CN(C)C,3,opt,137442320,SLC,"GME,CN(C)C"
137448886,-84.96054770903535,GME,C[C@@H]1CNC[C@H](C)C1,2,frz,87640361,DFT,"GME,C[C@@H]1CNC[C@H](C)C1"
137448886,-47.02086927549841,GME,C[C@@H]1CNC[C@H](C)C1,2,MD,87640361,DFT,"GME,C[C@@H]1CNC[C@H](C)C1"
137448886,-44.36476112242514,GME,C[C@@H]1CNC[C@H](C)C1,2,opt,87640361,DFT,"GME,C[C@@H]1CNC[C@H](C)C1"
137446040,-73.26046477166213,GME,C[C@@H]1CNC[C@H](C)C1,2,frz,137444008,SLC,"GME,C[C@@H]1CNC[C@H](C)C1"
137446040,-29.345741555294715,GME,C[C@@H]1CNC[C@H](C)C1,2,opt,137444008,SLC,"GME,C[C@@H]1CNC[C@H](C)C1"
137446040,-16.455734106596793,GME,C[C@@H]1CNC[C@H](C)C1,2,MD,137444008,SLC,"GME,C[C@@H]1CNC[C@H](C)C1"
137441005,-95.70850776035749,GON,C1CN2CCN1CC2,1,frz,83517195,DFT,"GON,C1CN2CCN1CC2"
137441005,-80.64923500187678,GON,C1CN2CCN1CC2,1,opt,83517195,DFT,"GON,C1CN2CCN1CC2"
137441005,48.779805548186715,GON,C1CN2CCN1CC2,1,MD,83517195,DFT,"GON,C1CN2CCN1CC2"
137353375,-117.42942486562124,JRY,CCNCC,1,frz,83511737,DFT,"JRY,CCNCC"
137331847,-104.98940994776025,JRY,CCNCC,2,MD,83511739,DFT,"JRY,CCNCC"
137321628,-137.74203844114103,JRY,CCNCC,2,opt,83511741,DFT,"JRY,CCNCC"
137336451,-129.85031952654717,JSW,C1CN2CCN1CC2,3,frz,87646614,DFT,"JSW,C1CN2CCN1CC2"
137336451,-111.93244640455592,JSW,C1CN2CCN1CC2,3,opt,87646614,DFT,"JSW,C1CN2CCN1CC2"
137372602,-102.44676171122734,JSW,C1CN2CCN1CC2,4,MD,87646618,DFT,"JSW,C1CN2CCN1CC2"
137324841,-131.55527051733432,LAU,C1CN2CCN1CC2,2,MD,83512337,DFT,"LAU,C1CN2CCN1CC2"
137324841,-131.36799125233648,LAU,C1CN2CCN1CC2,2,frz,83512337,DFT,"LAU,C1CN2CCN1CC2"
137324841,-126.6504551034792,LAU,C1CN2CCN1CC2,2,opt,83512337,DFT,"LAU,C1CN2CCN1CC2"
137332754,-128.93313847601777,LAU,C1CN2CCC1CC2,2,frz,83609301,DFT,"LAU,C1CN2CCC1CC2"
137332754,-121.75176294982427,LAU,C1CN2CCC1CC2,2,opt,83609301,DFT,"LAU,C1CN2CCC1CC2"
137332754,-121.41109311122432,LAU,C1CN2CCC1CC2,2,MD,83609301,DFT,"LAU,C1CN2CCC1CC2"
137443630,-73.07519294896478,LAU,C1CCNC1,1,MD,83508364,DFT,"LAU,C1CCNC1"
137444135,-109.97080843282706,LAU,C1CCNC1,2,frz,83508368,DFT,"LAU,C1CCNC1"
137444135,-109.45369055819586,LAU,C1CCNC1,2,opt,83508368,DFT,"LAU,C1CCNC1"
137347822,-99.65987161593296,LAU,c1ccncc1,1,MD,83512876,DFT,"LAU,c1ccncc1"
137369102,-105.63533628500257,LAU,c1ccncc1,2,frz,83512880,DFT,"LAU,c1ccncc1"
137369102,-105.58270643975919,LAU,c1ccncc1,2,opt,83512880,DFT,"LAU,c1ccncc1"
137359324,-132.18199268177952,LEV,C1CCCNCC1,5,MD,87639940,DFT,"LEV,C1CCCNCC1"
137449764,-146.74492149057005,LEV,C1CCCNCC1,6,frz,87639944,DFT,"LEV,C1CCCNCC1"
137449764,-141.8437025473015,LEV,C1CCCNCC1,6,opt,87639944,DFT,"LEV,C1CCCNCC1"
137449535,-132.64285553350737,LEV,C1CCCNCC1,6,MD,137443878,SLC,"LEV,C1CCCNCC1"
137449537,-149.26121961252366,LEV,C1CCCNCC1,6,frz,137443880,SLC,"LEV,C1CCCNCC1"
137449537,-142.7416223950338,LEV,C1CCCNCC1,6,opt,137443880,SLC,"LEV,C1CCCNCC1"
137446153,47.50648846982506,LOS,c1ccncc1,3,MD,87641096,DFT,"LOS,c1ccncc1"
137446156,-4.887245296590042,LOS,c1ccncc1,3,frz,87641097,DFT,"LOS,c1ccncc1"
137446156,40.701664747972565,LOS,c1ccncc1,3,opt,87641097,DFT,"LOS,c1ccncc1"
137440834,27.40272090768891,LOS,C1COCCN1,3,frz,87648070,DFT,"LOS,C1COCCN1"
137440834,126.16891007833522,LOS,C1COCCN1,3,opt,87648070,DFT,"LOS,C1COCCN1"
137440834,128.25135245200872,LOS,C1COCCN1,3,MD,87648070,DFT,"LOS,C1COCCN1"
137447011,101.12387111401783,LOS,CCCN,3,MD,87645041,DFT,"LOS,CCCN"
137447012,196.68711101285308,LOS,CCCN,3,opt,87645042,DFT,"LOS,CCCN"
139638072,-7.841345217652574,LOS,CCCN,3,frz,87645043,DFT,"LOS,CCCN"
137447089,58.98883509480999,LOS,CCNCC,3,frz,87647113,DFT,"LOS,CCNCC"
137447089,227.98722798669195,LOS,CCNCC,3,MD,87647113,DFT,"LOS,CCNCC"
137447089,285.2863584626075,LOS,CCNCC,3,opt,87647113,DFT,"LOS,CCNCC"
137449315,8.079796132716009,LOS,CN(C)C,3,frz,87638604,DFT,"LOS,CN(C)C"
137449315,75.7351317311449,LOS,CN(C)C,3,opt,87638604,DFT,"LOS,CN(C)C"
137449315,82.58986951356636,LOS,CN(C)C,3,MD,87638604,DFT,"LOS,CN(C)C"
137447151,-14.79054178994314,LOS,OCCN(CCO)CCO,2,MD,87649149,DFT,"LOS,OCCN(CCO)CCO"
137446236,-79.98774325455962,LOS,OCCN(CCO)CCO,2,frz,87649150,DFT,"LOS,OCCN(CCO)CCO"
137446236,12.399034626146895,LOS,OCCN(CCO)CCO,2,opt,87649150,DFT,"LOS,OCCN(CCO)CCO"
137448831,-183.33556249860925,LTA,C1COCCOCCOCCOCCOCCN1,1,MD,83490077,DFT,"LTA,C1COCCOCCOCCOCCOCCN1"
137448831,-179.21931969773786,LTA,C1COCCOCCOCCOCCOCCN1,1,opt,83490077,DFT,"LTA,C1COCCOCCOCCOCCOCCN1"
137328898,-214.46981110188034,LTA,C1COCCOCCOCCOCCOCCN1,1,frz,83490078,DFT,"LTA,C1COCCOCCOCCOCCOCCN1"
137449549,-221.4656651451599,LTA,C1COCCOCCOCCOCCOCCN1,1,frz,137443892,SLC,"LTA,C1COCCOCCOCCOCCOCCN1"
137449549,-181.13659774145393,LTA,C1COCCOCCOCCOCCOCCN1,1,opt,137443892,SLC,"LTA,C1COCCOCCOCCOCCOCCN1"
137449549,-180.7195773700463,LTA,C1COCCOCCOCCOCCOCCN1,1,MD,137443892,SLC,"LTA,C1COCCOCCOCCOCCOCCN1"
137348569,-101.38975033986141,LTA,C1CCCNCCC1,1,opt,83547844,DFT,"LTA,C1CCCNCCC1"
137443682,-112.53320177119859,LTA,C1CCCNCCC1,2,frz,83547847,DFT,"LTA,C1CCCNCCC1"
137443682,-100.81197849885837,LTA,C1CCCNCCC1,2,MD,83547847,DFT,"LTA,C1CCCNCCC1"
137449559,-114.94233638657414,LTA,C1CCCNCCC1,1,frz,137443905,SLC,"LTA,C1CCCNCCC1"
137449560,-96.8768169753747,LTA,C1CCCNCCC1,1,MD,137443906,SLC,"LTA,C1CCCNCCC1"
137449561,-104.20320522408,LTA,C1CCCNCCC1,1,opt,137443907,SLC,"LTA,C1CCCNCCC1"
137356815,-86.01988845505869,LTA,C1CNCCN1,1,opt,83500750,DFT,"LTA,C1CNCCN1"
137356815,-75.50591430260707,LTA,C1CNCCN1,1,MD,83500750,DFT,"LTA,C1CNCCN1"
137443749,-87.13741515324102,LTA,C1CNCCN1,2,frz,83500752,DFT,"LTA,C1CNCCN1"
137451411,-57.60528455239705,LTA,C1CNCCN1,4,MD,137443957,SLC,"LTA,C1CNCCN1"
139626005,-86.6455272238544,LTA,C1CNCCN1,4,frz,137443960,SLC,"LTA,C1CNCCN1"
139626005,-64.27098747242297,LTA,C1CNCCN1,4,opt,137443960,SLC,"LTA,C1CNCCN1"
137328420,-90.22449626486103,LTA,NC1CCCCC1,1,MD,83508607,DFT,"LTA,NC1CCCCC1"
139628432,-105.67553640943007,LTA,NC1CCCCC1,1,frz,83508608,DFT,"LTA,NC1CCCCC1"
139628432,-104.68724600272698,LTA,NC1CCCCC1,1,opt,83508608,DFT,"LTA,NC1CCCCC1"
137446064,-99.30414401409155,LTA,NC1CCCCC1,1,frz,137443857,SLC,"LTA,NC1CCCCC1"
137446064,-97.0804334314608,LTA,NC1CCCCC1,1,opt,137443857,SLC,"LTA,NC1CCCCC1"
137446064,-88.7458142458643,LTA,NC1CCCCC1,1,MD,137443857,SLC,"LTA,NC1CCCCC1"
137369286,-103.54428095101892,LTA,C1N2CN3CN1CN(C2)C3,1,frz,83494299,DFT,"LTA,C1N2CN3CN1CN(C2)C3"
137369286,-103.3209849845183,LTA,C1N2CN3CN1CN(C2)C3,1,opt,83494299,DFT,"LTA,C1N2CN3CN1CN(C2)C3"
137369286,-87.47114278839202,LTA,C1N2CN3CN1CN(C2)C3,1,MD,83494299,DFT,"LTA,C1N2CN3CN1CN(C2)C3"
137449526,-108.03135082712684,LTA,C1N2CN3CN1CN(C2)C3,1,frz,137443870,SLC,"LTA,C1N2CN3CN1CN(C2)C3"
137449526,-107.53305627276747,LTA,C1N2CN3CN1CN(C2)C3,1,opt,137443870,SLC,"LTA,C1N2CN3CN1CN(C2)C3"
137449527,-93.42181131352145,LTA,C1N2CN3CN1CN(C2)C3,1,MD,137443871,SLC,"LTA,C1N2CN3CN1CN(C2)C3"
137441128,-118.2776349961938,LTA,OCCN(CCO)CCO,1,frz,83595827,DFT,"LTA,OCCN(CCO)CCO"
137441128,-113.86552842139281,LTA,OCCN(CCO)CCO,1,opt,83595827,DFT,"LTA,OCCN(CCO)CCO"
137441128,-113.06630164566963,LTA,OCCN(CCO)CCO,1,MD,83595827,DFT,"LTA,OCCN(CCO)CCO"
137449541,-128.5658835236911,LTA,OCCN(CCO)CCO,1,frz,137443884,SLC,"LTA,OCCN(CCO)CCO"
137449541,-128.10086096565266,LTA,OCCN(CCO)CCO,1,opt,137443884,SLC,"LTA,OCCN(CCO)CCO"
137449541,-117.0907467629771,LTA,OCCN(CCO)CCO,1,MD,137443884,SLC,"LTA,OCCN(CCO)CCO"
137358531,-35.38625148133515,MOR,c1ccncc1,7,frz,87638956,DFT,"MOR,c1ccncc1"
137358531,8.771564778442263,MOR,c1ccncc1,7,MD,87638956,DFT,"MOR,c1ccncc1"
137358531,21.00730660920556,MOR,c1ccncc1,7,opt,87638956,DFT,"MOR,c1ccncc1"
137446001,-67.83502927177946,MOR,c1ccncc1,5,frz,137443989,SLC,"MOR,c1ccncc1"
137446001,-43.532165745535615,MOR,c1ccncc1,5,MD,137443989,SLC,"MOR,c1ccncc1"
137446005,-49.79651438430484,MOR,c1ccncc1,5,opt,137443990,SLC,"MOR,c1ccncc1"
137329610,-136.35251770783452,MRE,CCN,1,opt,87650217,DFT,"MRE,CCN"
137448158,-120.74234804738913,MRE,CCN,1,MD,87650220,DFT,"MRE,CCN"
137347538,-75.09882651068168,MRE,CCN,2,frz,87650223,DFT,"MRE,CCN"
137444077,-110.50856017468237,MTW,CC(C)CN,1,frz,83499556,DFT,"MTW,CC(C)CN"
137444077,-97.794556596808,MTW,CC(C)CN,1,MD,83499556,DFT,"MTW,CC(C)CN"
137353476,-64.90698321623609,MTW,CC(C)CN,2,opt,83499561,DFT,"MTW,CC(C)CN"
137445108,-96.67217857506839,MTW,CC(C)CN,1,MD,137442762,SLC,"MTW,CC(C)CN"
139591792,-113.17510651696831,MTW,CC(C)CN,2,frz,137442765,SLC,"MTW,CC(C)CN"
139591792,-106.55745899179303,MTW,CC(C)CN,2,opt,137442765,SLC,"MTW,CC(C)CN"
137443703,37.24584558854105,MTW,CC(C)(C)CC(C)(C)N,1,MD,83496921,DFT,"MTW,CC(C)(C)CC(C)(C)N"
137442383,-69.9790628594822,MTW,CC(C)(C)CC(C)(C)N,1,frz,83496922,DFT,"MTW,CC(C)(C)CC(C)(C)N"
139606977,82.27931099498335,MTW,CC(C)(C)CC(C)(C)N,1,opt,83496923,DFT,"MTW,CC(C)(C)CC(C)(C)N"
137445116,73.67795357653809,MTW,CC(C)(C)CC(C)(C)N,1,MD,137442774,SLC,"MTW,CC(C)(C)CC(C)(C)N"
138103428,-37.953395343151634,MTW,CC(C)(C)CC(C)(C)N,1,frz,137442775,SLC,"MTW,CC(C)(C)CC(C)(C)N"
138103428,41.096444066355474,MTW,CC(C)(C)CC(C)(C)N,1,opt,137442775,SLC,"MTW,CC(C)(C)CC(C)(C)N"
137344128,-106.88898687893565,MTW,C1CN2CCN1CC2,1,frz,83497317,DFT,"MTW,C1CN2CCN1CC2"
137443729,35.390873679309884,MTW,C1CN2CCN1CC2,2,opt,83497322,DFT,"MTW,C1CN2CCN1CC2"
137443729,37.50863541466187,MTW,C1CN2CCN1CC2,2,MD,83497322,DFT,"MTW,C1CN2CCN1CC2"
139607737,-97.30115420488241,MTW,C1CN2CCN1CC2,1,opt,137442606,SLC,"MTW,C1CN2CCN1CC2"
139594379,-104.95000253370998,MTW,C1CN2CCN1CC2,1,frz,137442607,SLC,"MTW,C1CN2CCN1CC2"
137444749,-24.43210731656564,MTW,C1CN2CCN1CC2,2,MD,137442609,SLC,"MTW,C1CN2CCN1CC2"
137440482,-65.57267303964538,NAT,NCCN,3,opt,83599535,DFT,"NAT,NCCN"
137440483,-59.63021422805944,NAT,NCCN,3,MD,83599536,DFT,"NAT,NCCN"
137317645,-82.26901384086102,NAT,NCCN,4,frz,83599537,DFT,"NAT,NCCN"
137440440,353.7033364303411,NAT,C1CN2CCN1CC2,1,MD,83526160,DFT,"NAT,C1CN2CCN1CC2"
137440440,366.25774860723453,NAT,C1CN2CCN1CC2,1,opt,83526160,DFT,"NAT,C1CN2CCN1CC2"
137364570,88.43480012872207,NAT,C1CN2CCN1CC2,2,frz,83526162,DFT,"NAT,C1CN2CCN1CC2"
137447022,-97.84782263720248,OFF,c1ccncc1,2,frz,87639110,DFT,"OFF,c1ccncc1"
137447022,-97.42640710009549,OFF,c1ccncc1,2,opt,87639110,DFT,"OFF,c1ccncc1"
137345040,-87.58859010634588,OFF,c1ccncc1,2,MD,87639111,DFT,"OFF,c1ccncc1"
137446289,-95.42221846083598,OFF,c1ccncc1,2,frz,137442181,SLC,"OFF,c1ccncc1"
137446289,-93.99667927669323,OFF,c1ccncc1,2,opt,137442181,SLC,"OFF,c1ccncc1"
137446289,-85.78578096759196,OFF,c1ccncc1,2,MD,137442181,SLC,"OFF,c1ccncc1"
137345827,-116.60960505681295,OFF,C1CCNCC1,2,frz,87638144,DFT,"OFF,C1CCNCC1"
137345827,-115.22464663166902,OFF,C1CCNCC1,2,opt,87638144,DFT,"OFF,C1CCNCC1"
137326190,-99.66298811703166,OFF,C1CCNCC1,2,MD,87638146,DFT,"OFF,C1CCNCC1"
137446492,-104.68529121022813,OFF,C1CCNCC1,1,opt,137442193,SLC,"OFF,C1CCNCC1"
137446556,-98.91597749014936,OFF,C1CCNCC1,1,MD,137442194,SLC,"OFF,C1CCNCC1"
137446589,-110.4922710412321,OFF,C1CCNCC1,2,frz,137442196,SLC,"OFF,C1CCNCC1"
137353528,-78.1240361244299,OFF,C1CN2CCN1CC2,2,MD,87646957,DFT,"OFF,C1CN2CCN1CC2"
137356977,-103.91834438965999,OFF,C1CN2CCN1CC2,2,frz,87646958,DFT,"OFF,C1CN2CCN1CC2"
137356977,-92.05468989630472,OFF,C1CN2CCN1CC2,2,opt,87646958,DFT,"OFF,C1CN2CCN1CC2"
137446675,-105.85462331962226,OFF,C1CN2CCN1CC2,1,MD,137442201,SLC,"OFF,C1CN2CCN1CC2"
137446676,-120.96302009640205,OFF,C1CN2CCN1CC2,1,frz,137442202,SLC,"OFF,C1CN2CCN1CC2"
137446676,-120.58469924319867,OFF,C1CN2CCN1CC2,1,opt,137442202,SLC,"OFF,C1CN2CCN1CC2"
137367052,-115.98563403670295,OFF,C1CNCCN1,2,frz,87641601,DFT,"OFF,C1CNCCN1"
137367052,-114.91181663388689,OFF,C1CNCCN1,2,opt,87641601,DFT,"OFF,C1CNCCN1"
137367052,-101.97677885775079,OFF,C1CNCCN1,2,MD,87641601,DFT,"OFF,C1CNCCN1"
137447620,-92.33880393437953,OFF,C1CNCCN1,2,opt,137442235,SLC,"OFF,C1CNCCN1"
137447620,-88.57543947754189,OFF,C1CNCCN1,2,MD,137442235,SLC,"OFF,C1CNCCN1"
139639001,-115.53107965300983,OFF,C1CNCCN1,2,frz,137442237,SLC,"OFF,C1CNCCN1"
137448889,-138.6422223168099,OFF,CCN(C(C)C)C(C)C,1,opt,87640750,DFT,"OFF,CCN(C(C)C)C(C)C"
137448889,-122.4085888798077,OFF,CCN(C(C)C)C(C)C,1,MD,87640750,DFT,"OFF,CCN(C(C)C)C(C)C"
137348215,-144.94875149370736,OFF,CCN(C(C)C)C(C)C,1,frz,87640752,DFT,"OFF,CCN(C(C)C)C(C)C"
137447633,-133.40010660141863,OFF,CCN(C(C)C)C(C)C,1,frz,137442259,SLC,"OFF,CCN(C(C)C)C(C)C"
137447633,-122.90034682390184,OFF,CCN(C(C)C)C(C)C,1,opt,137442259,SLC,"OFF,CCN(C(C)C)C(C)C"
137447633,-117.08206165016362,OFF,CCN(C(C)C)C(C)C,1,MD,137442259,SLC,"OFF,CCN(C(C)C)C(C)C"
137448874,-71.67596538709402,OFF,CN(C)C,2,MD,87639395,DFT,"OFF,CN(C)C"
137356068,-82.84515733111124,OFF,CN(C)C,2,frz,87639396,DFT,"OFF,CN(C)C"
137356068,-82.4698226984337,OFF,CN(C)C,2,opt,87639396,DFT,"OFF,CN(C)C"
137447645,-91.53006063983365,OFF,CN(C)C,1,frz,137442271,SLC,"OFF,CN(C)C"
137447646,-71.42535871368278,OFF,CN(C)C,2,MD,137442272,SLC,"OFF,CN(C)C"
137444822,-78.57538734154987,OFF,CN(C)C,2,opt,137442274,SLC,"OFF,CN(C)C"
137316170,-118.41933790700685,OWE,C[C@H](N)CN,1,MD,83490420,DFT,"OWE,C[C@H](N)CN"
137362264,-123.04644199462186,OWE,C[C@H](N)CN,1,opt,83490421,DFT,"OWE,C[C@H](N)CN"
139605748,-131.23180753568863,OWE,C[C@H](N)CN,2,frz,83490425,DFT,"OWE,C[C@H](N)CN"
137448838,-126.07331902054183,OWE,C[C@@H](N)CN,2,frz,83490423,DFT,"OWE,C[C@@H](N)CN"
137448838,-120.41126833521531,OWE,C[C@@H](N)CN,2,opt,83490423,DFT,"OWE,C[C@@H](N)CN"
137448838,-112.70984270368454,OWE,C[C@@H](N)CN,2,MD,83490423,DFT,"OWE,C[C@@H](N)CN"
137328820,-76.15309068181124,PHI,C1CN2CCN1CC2,1,frz,83595468,DFT,"PHI,C1CN2CCN1CC2"
137328820,-37.12571246352721,PHI,C1CN2CCN1CC2,1,opt,83595468,DFT,"PHI,C1CN2CCN1CC2"
137440463,1.7616241946318445,PHI,C1CN2CCN1CC2,4,MD,83595475,DFT,"PHI,C1CN2CCN1CC2"
137440837,-80.64814611462369,PHI,C1COCCN1,1,MD,83522286,DFT,"PHI,C1COCCN1"
137325312,-102.88770030628001,PHI,C1COCCN1,3,frz,83522292,DFT,"PHI,C1COCCN1"
137325312,-97.50672967827137,PHI,C1COCCN1,3,opt,83522292,DFT,"PHI,C1COCCN1"
137441093,-47.263945247490554,PHI,C1CCNCC1,1,MD,83545589,DFT,"PHI,C1CCNCC1"
137443648,-88.9577862402644,PHI,C1CCNCC1,3,frz,83545596,DFT,"PHI,C1CCNCC1"
137443648,-72.80585233596999,PHI,C1CCNCC1,3,opt,83545596,DFT,"PHI,C1CCNCC1"
137334120,-106.06206237389512,PHI,C1CNCCN1,1,frz,83547554,DFT,"PHI,C1CNCCN1"
137334120,-89.10633599741927,PHI,C1CNCCN1,1,opt,83547554,DFT,"PHI,C1CNCCN1"
137487704,-85.70038335927467,PHI,C1CNCCN1,1,MD,83547556,DFT,"PHI,C1CNCCN1"
137440830,-70.23779884735278,PHI,CN1CCN(C)CC1,1,frz,83521922,DFT,"PHI,CN1CCN(C)CC1"
137354318,-2.8535337020212843,PHI,CN1CCN(C)CC1,2,MD,83521925,DFT,"PHI,CN1CCN(C)CC1"
137355728,-13.484532541301231,PHI,CN1CCN(C)CC1,2,opt,83521926,DFT,"PHI,CN1CCN(C)CC1"
137343246,-97.92215492454291,PHI,c1c[nH]cn1,1,frz,83542692,DFT,"PHI,c1c[nH]cn1"
137343246,-89.09408982507841,PHI,c1c[nH]cn1,1,MD,83542692,DFT,"PHI,c1c[nH]cn1"
137339430,-95.94576933309368,PHI,c1c[nH]cn1,3,opt,83542697,DFT,"PHI,c1c[nH]cn1"
137328664,-63.82559895252367,PON,CN,1,opt,83500041,DFT,"PON,CN"
137488292,-66.17724134516234,PON,CN,4,frz,83500049,DFT,"PON,CN"
137323749,-58.83913630949096,PON,CN,4,MD,83500051,DFT,"PON,CN"
137441078,-194.24760040791037,RHO,C1COCCOCCOCCOCCOCCO1,2,frz,87649914,DFT,"RHO,C1COCCOCCOCCOCCOCCO1"
137441078,-157.0782268916766,RHO,C1COCCOCCOCCOCCOCCO1,2,opt,87649914,DFT,"RHO,C1COCCOCCOCCOCCOCCO1"
137441078,-91.90112210834349,RHO,C1COCCOCCOCCOCCOCCO1,2,MD,87649914,DFT,"RHO,C1COCCOCCOCCOCCOCCO1"
137448515,-226.55918575529697,RHO,C1COCCOCCOCCOCCOCCO1,1,frz,137443190,SLC,"RHO,C1COCCOCCOCCOCCOCCO1"
137448515,-199.48009557245737,RHO,C1COCCOCCOCCOCCOCCO1,1,opt,137443190,SLC,"RHO,C1COCCOCCOCCOCCOCCO1"
137448516,-199.41672444465095,RHO,C1COCCOCCOCCOCCOCCO1,1,MD,137443191,SLC,"RHO,C1COCCOCCOCCOCCOCCO1"
137341663,-78.85500468147913,RRO,CNC,1,frz,83508739,DFT,"RRO,CNC"
137351580,-73.51042300792182,RRO,CNC,2,opt,83508741,DFT,"RRO,CNC"
137351580,-66.01656309272767,RRO,CNC,2,MD,83508741,DFT,"RRO,CNC"
137440477,-53.74433551498909,RRO,CN,1,MD,83598648,DFT,"RRO,CN"
137356761,-67.04745109260563,RRO,CN,2,opt,83598652,DFT,"RRO,CN"
139700471,-65.07087446023112,RRO,CN,3,frz,83598653,DFT,"RRO,CN"
137317842,-209.50415090261842,RTE,CN1C(C)(C)CCCC1(C)C,1,opt,83494076,DFT,"RTE,CN1C(C)(C)CCCC1(C)C"
137330832,-147.46302760505776,RTE,CN1C(C)(C)CCCC1(C)C,1,frz,83494077,DFT,"RTE,CN1C(C)(C)CCCC1(C)C"
137330832,-95.18275249874814,RTE,CN1C(C)(C)CCCC1(C)C,1,MD,83494077,DFT,"RTE,CN1C(C)(C)CCCC1(C)C"
137444923,-115.3742779892155,RTE,CN1C(C)(C)CCCC1(C)C,1,frz,137443327,SLC,"RTE,CN1C(C)(C)CCCC1(C)C"
137444924,-138.0349070743512,RTE,CN1C(C)(C)CCCC1(C)C,1,opt,137443328,SLC,"RTE,CN1C(C)(C)CCCC1(C)C"
137444925,-41.6880668265637,RTE,CN1C(C)(C)CCCC1(C)C,2,MD,137443329,SLC,"RTE,CN1C(C)(C)CCCC1(C)C"
137365580,-164.5128503209745,RTE,N[C@@H]1C[C@H]2CC[C@@H]1C2,1,frz,83518459,DFT,"RTE,N[C@@H]1C[C@H]2CC[C@@H]1C2"
137365580,-162.83053042388696,RTE,N[C@@H]1C[C@H]2CC[C@@H]1C2,1,opt,83518459,DFT,"RTE,N[C@@H]1C[C@H]2CC[C@@H]1C2"
137365580,-137.609086959216,RTE,N[C@@H]1C[C@H]2CC[C@@H]1C2,1,MD,83518459,DFT,"RTE,N[C@@H]1C[C@H]2CC[C@@H]1C2"
137446031,-283.6643615066156,RTE,N[C@@H]1C[C@H]2CC[C@@H]1C2,1,opt,137444001,SLC,"RTE,N[C@@H]1C[C@H]2CC[C@@H]1C2"
137446038,-166.9802746102218,RTE,N[C@@H]1C[C@H]2CC[C@@H]1C2,2,frz,137444005,SLC,"RTE,N[C@@H]1C[C@H]2CC[C@@H]1C2"
137446038,-153.20877750851253,RTE,N[C@@H]1C[C@H]2CC[C@@H]1C2,2,MD,137444005,SLC,"RTE,N[C@@H]1C[C@H]2CC[C@@H]1C2"
137318385,-153.36199072587297,RTE,C1C[C@H]2CC[C@@H]1CNC2,1,MD,83596145,DFT,"RTE,C1C[C@H]2CC[C@@H]1CNC2"
137440468,-210.71723183336425,RTE,C1C[C@H]2CC[C@@H]1CNC2,1,opt,83596146,DFT,"RTE,C1C[C@H]2CC[C@@H]1CNC2"
137351907,-176.81148522199408,RTE,C1C[C@H]2CC[C@@H]1CNC2,2,frz,83596148,DFT,"RTE,C1C[C@H]2CC[C@@H]1CNC2"
137444796,-158.87824722144697,RTE,C1C[C@H]2CC[C@@H]1CNC2,1,MD,137442676,SLC,"RTE,C1C[C@H]2CC[C@@H]1CNC2"
137444798,-209.00757475173327,RTE,C1C[C@H]2CC[C@@H]1CNC2,2,opt,137442677,SLC,"RTE,C1C[C@H]2CC[C@@H]1CNC2"
137444801,-165.2130842995957,RTE,C1C[C@H]2CC[C@@H]1CNC2,2,frz,137442679,SLC,"RTE,C1C[C@H]2CC[C@@H]1CNC2"
137321168,-169.39712441195735,RTH,CC(C)NC(C)C,1,MD,83496951,DFT,"RTH,CC(C)NC(C)C"
137321168,-127.05396923750692,RTH,CC(C)NC(C)C,1,frz,83496951,DFT,"RTH,CC(C)NC(C)C"
137345866,-34.36509245584911,RTH,CC(C)NC(C)C,2,opt,83496956,DFT,"RTH,CC(C)NC(C)C"
137445130,-129.91980407000096,RTH,CC(C)NC(C)C,2,frz,137442804,SLC,"RTH,CC(C)NC(C)C"
137445131,-127.74241753479585,RTH,CC(C)NC(C)C,2,opt,137442805,SLC,"RTH,CC(C)NC(C)C"
137445131,-119.2134639647431,RTH,CC(C)NC(C)C,2,MD,137442805,SLC,"RTH,CC(C)NC(C)C"
137363043,-234.64798432526928,RTH,C1CCCNCC1,1,MD,83597291,DFT,"RTH,C1CCCNCC1"
137349262,-124.35023118294346,RTH,C1CCCNCC1,2,frz,83597305,DFT,"RTH,C1CCCNCC1"
137349262,-35.530234174981544,RTH,C1CCCNCC1,2,opt,83597305,DFT,"RTH,C1CCCNCC1"
137444877,-115.95460926366549,RTH,C1CCCNCC1,2,MD,137442811,SLC,"RTH,C1CCCNCC1"
137445910,-127.89270306278371,RTH,C1CCCNCC1,2,frz,137442812,SLC,"RTH,C1CCCNCC1"
137445910,-123.16086730768895,RTH,C1CCCNCC1,2,opt,137442812,SLC,"RTH,C1CCCNCC1"
137371950,-238.5503034993019,RTH,C1CNCCN1,1,MD,83545663,DFT,"RTH,C1CNCCN1"
137371950,-91.65259313156598,RTH,C1CNCCN1,1,opt,83545663,DFT,"RTH,C1CNCCN1"
137352461,-106.6135380262698,RTH,C1CNCCN1,3,frz,83545669,DFT,"RTH,C1CNCCN1"
137444883,-109.76115741969552,RTH,C1CNCCN1,2,frz,137442819,SLC,"RTH,C1CNCCN1"
137444883,-109.46480518415623,RTH,C1CNCCN1,2,opt,137442819,SLC,"RTH,C1CNCCN1"
137444883,-95.04965543361578,RTH,C1CNCCN1,2,MD,137442819,SLC,"RTH,C1CNCCN1"
137444115,-95.3687698186351,RTH,C1CCNCC1,1,MD,83500855,DFT,"RTH,C1CCNCC1"
137329846,-103.89506200051565,RTH,C1CCNCC1,2,frz,83500859,DFT,"RTH,C1CCNCC1"
137329846,-103.68568162869497,RTH,C1CCNCC1,2,opt,83500859,DFT,"RTH,C1CCNCC1"
137444885,-100.15780022442173,RTH,C1CCNCC1,1,MD,137442821,SLC,"RTH,C1CCNCC1"
137444889,-108.83785180293259,RTH,C1CCNCC1,2,frz,137442825,SLC,"RTH,C1CCNCC1"
137444889,-108.54267138155464,RTH,C1CCNCC1,2,opt,137442825,SLC,"RTH,C1CCNCC1"
137321784,-120.95445123550068,RTH,CC1CCNCC1,1,frz,83595461,DFT,"RTH,CC1CCNCC1"
137358965,-53.958825300603365,RTH,CC1CCNCC1,1,opt,83595462,DFT,"RTH,CC1CCNCC1"
137357994,-165.41866873754606,RTH,CC1CCNCC1,2,MD,83595465,DFT,"RTH,CC1CCNCC1"
137444890,-126.84666860667001,RTH,CC1CCNCC1,1,frz,137442828,SLC,"RTH,CC1CCNCC1"
137444892,-122.88430517528579,RTH,CC1CCNCC1,1,opt,137442830,SLC,"RTH,CC1CCNCC1"
137444892,-116.47351642464979,RTH,CC1CCNCC1,1,MD,137442830,SLC,"RTH,CC1CCNCC1"
137440471,-115.0581438517911,RTH,CN1CCCCC1,2,frz,83596519,DFT,"RTH,CN1CCCCC1"
137440471,-20.88656998487232,RTH,CN1CCCCC1,2,opt,83596519,DFT,"RTH,CN1CCCCC1"
137322183,-93.62520972066284,RTH,CN1CCCCC1,2,MD,83596520,DFT,"RTH,CN1CCCCC1"
137444896,-124.00867268236239,RTH,CN1CCCCC1,1,frz,137442835,SLC,"RTH,CN1CCCCC1"
137444896,-123.68197147314496,RTH,CN1CCCCC1,1,opt,137442835,SLC,"RTH,CN1CCCCC1"
137444898,-114.34477622655433,RTH,CN1CCCCC1,2,MD,137442838,SLC,"RTH,CN1CCCCC1"
137336099,-194.94943883746353,RTH,c1ccncc1,1,MD,83527976,DFT,"RTH,c1ccncc1"
137338371,-87.2109649446697,RTH,c1ccncc1,2,opt,83527981,DFT,"RTH,c1ccncc1"
137441066,-95.4648147980829,RTH,c1ccncc1,4,frz,83527987,DFT,"RTH,c1ccncc1"
137444902,-79.56191833457873,RTH,c1ccncc1,1,MD,137442843,SLC,"RTH,c1ccncc1"
137444905,-89.90480698281314,RTH,c1ccncc1,2,frz,137442846,SLC,"RTH,c1ccncc1"
137444905,-89.79475293698066,RTH,c1ccncc1,2,opt,137442846,SLC,"RTH,c1ccncc1"
139625593,-136.337406177666,RTH,C[C@H]1CNC[C@H](C)C1,1,frz,83609188,DFT,"RTH,C[C@H]1CNC[C@H](C)C1"
137449349,-99.1823563958532,RTH,C[C@H]1CNC[C@H](C)C1,2,MD,83609193,DFT,"RTH,C[C@H]1CNC[C@H](C)C1"
137449349,-43.81148778780631,RTH,C[C@H]1CNC[C@H](C)C1,2,opt,83609193,DFT,"RTH,C[C@H]1CNC[C@H](C)C1"
139686759,-142.40973172310316,RTH,C[C@H]1CNC[C@H](C)C1,1,frz,137443851,SLC,"RTH,C[C@H]1CNC[C@H](C)C1"
137446060,-140.00627478613913,RTH,C[C@H]1CNC[C@H](C)C1,1,opt,137443853,SLC,"RTH,C[C@H]1CNC[C@H](C)C1"
137446060,-133.01113172872465,RTH,C[C@H]1CNC[C@H](C)C1,1,MD,137443853,SLC,"RTH,C[C@H]1CNC[C@H](C)C1"
137327569,-110.159194014002,RTH,C[C@@H]1CNC[C@H](C)C1,2,MD,83609191,DFT,"RTH,C[C@@H]1CNC[C@H](C)C1"
137446985,-139.49640006416988,RTH,C[C@@H]1CNC[C@H](C)C1,2,frz,83609192,DFT,"RTH,C[C@@H]1CNC[C@H](C)C1"
137446985,-48.878049435838626,RTH,C[C@@H]1CNC[C@H](C)C1,2,opt,83609192,DFT,"RTH,C[C@@H]1CNC[C@H](C)C1"
137446070,-137.9175799654085,RTH,C[C@@H]1CNC[C@H](C)C1,1,opt,137443864,SLC,"RTH,C[C@@H]1CNC[C@H](C)C1"
137446070,-131.9483451405126,RTH,C[C@@H]1CNC[C@H](C)C1,1,MD,137443864,SLC,"RTH,C[C@@H]1CNC[C@H](C)C1"
137449524,-143.67921941678242,RTH,C[C@@H]1CNC[C@H](C)C1,2,frz,137443868,SLC,"RTH,C[C@@H]1CNC[C@H](C)C1"
137319238,-79.6682445125286,RUT,C1CCNC1,3,MD,87638177,DFT,"RUT,C1CCNC1"
137352105,-122.87151001633656,RUT,C1CCNC1,4,frz,87638181,DFT,"RUT,C1CCNC1"
137318605,-103.49469594113057,RUT,C1CCNC1,4,opt,87638183,DFT,"RUT,C1CCNC1"
137445924,-121.60703232268392,RUT,C1CCNC1,4,frz,137444027,SLC,"RUT,C1CCNC1"
137445924,-78.65542321958317,RUT,C1CCNC1,4,MD,137444027,SLC,"RUT,C1CCNC1"
137445926,-126.52602088617057,RUT,C1CCNC1,4,opt,137444029,SLC,"RUT,C1CCNC1"
137443318,-226.0311734680931,SAS,CN1CCCN(C)CCN(C)CCCN(C)CC1,1,MD,83541316,DFT,"SAS,CN1CCCN(C)CCN(C)CCCN(C)CC1"
137443318,-207.35878543161485,SAS,CN1CCCN(C)CCN(C)CCCN(C)CC1,1,opt,83541316,DFT,"SAS,CN1CCCN(C)CCN(C)CCCN(C)CC1"
137347151,-202.39942572347908,SAS,CN1CCCN(C)CCN(C)CCCN(C)CC1,1,frz,83541317,DFT,"SAS,CN1CCCN(C)CCN(C)CCCN(C)CC1"
137445927,-126.14927081390891,SAS,CN1CCCN(C)CCN(C)CCCN(C)CC1,1,frz,137444030,SLC,"SAS,CN1CCCN(C)CCN(C)CCCN(C)CC1"
137445927,22.542065034444143,SAS,CN1CCCN(C)CCN(C)CCCN(C)CC1,1,opt,137444030,SLC,"SAS,CN1CCCN(C)CCN(C)CCCN(C)CC1"
137445927,105.69496365190865,SAS,CN1CCCN(C)CCN(C)CCCN(C)CC1,1,MD,137444030,SLC,"SAS,CN1CCCN(C)CCN(C)CCCN(C)CC1"
137443762,-104.96906320785787,SAS,C1CCNCC1,1,frz,83519527,DFT,"SAS,C1CCNCC1"
137443762,-104.59543347071238,SAS,C1CCNCC1,1,opt,83519527,DFT,"SAS,C1CCNCC1"
137443764,-104.81864559653123,SAS,C1CCNCC1,2,MD,83519530,DFT,"SAS,C1CCNCC1"
137445934,-201.26187668998318,SAS,C1CCNCC1,1,MD,137444034,SLC,"SAS,C1CCNCC1"
137445934,-109.23864167406884,SAS,C1CCNCC1,1,opt,137444034,SLC,"SAS,C1CCNCC1"
137445936,-110.65779835456688,SAS,C1CCNCC1,2,frz,137444035,SLC,"SAS,C1CCNCC1"
137440466,-98.74486152676755,SAS,NCCN,2,MD,83595804,DFT,"SAS,NCCN"
137440466,-88.33032824083865,SAS,NCCN,2,frz,83595804,DFT,"SAS,NCCN"
137440466,-87.84940779730634,SAS,NCCN,2,opt,83595804,DFT,"SAS,NCCN"
137445944,-93.36211995802088,SAS,NCCN,1,opt,137444039,SLC,"SAS,NCCN"
137445946,-134.11095667100975,SAS,NCCN,1,MD,137444040,SLC,"SAS,NCCN"
139713687,-94.62733962375202,SAS,NCCN,2,frz,137444043,SLC,"SAS,NCCN"
137364548,-122.1386881222828,SAV,CC(C)NC(C)C,4,frz,87643917,DFT,"SAV,CC(C)NC(C)C"
137364548,-117.44968919408448,SAV,CC(C)NC(C)C,4,opt,87643917,DFT,"SAV,CC(C)NC(C)C"
137449772,-108.32168337194881,SAV,CC(C)NC(C)C,4,MD,87643918,DFT,"SAV,CC(C)NC(C)C"
137445967,-119.36861472456981,SAV,CC(C)NC(C)C,3,frz,137444051,SLC,"SAV,CC(C)NC(C)C"
137445967,-109.1944334774787,SAV,CC(C)NC(C)C,3,MD,137444051,SLC,"SAV,CC(C)NC(C)C"
137445971,-183.51241999748376,SAV,CC(C)NC(C)C,3,opt,137444053,SLC,"SAV,CC(C)NC(C)C"
137449361,-116.00468004508343,SAV,CCN(CC)CC,5,frz,87638479,DFT,"SAV,CCN(CC)CC"
137449361,-108.6848796413249,SAV,CCN(CC)CC,5,opt,87638479,DFT,"SAV,CCN(CC)CC"
137449361,-100.37806318209103,SAV,CCN(CC)CC,5,MD,87638479,DFT,"SAV,CCN(CC)CC"
137445979,-192.29157932884547,SAV,CCN(CC)CC,3,opt,137444058,SLC,"SAV,CCN(CC)CC"
137445981,-118.66149603623532,SAV,CCN(CC)CC,3,frz,137444059,SLC,"SAV,CCN(CC)CC"
137445981,-105.67583123601308,SAV,CCN(CC)CC,3,MD,137444059,SLC,"SAV,CCN(CC)CC"
137444078,-64.82100659855043,SBN,CN,2,frz,83499571,DFT,"SBN,CN"
137444078,-60.938645414093855,SBN,CN,2,opt,83499571,DFT,"SBN,CN"
137444078,-49.61644529431063,SBN,CN,2,MD,83499571,DFT,"SBN,CN"
137440459,8.247180435821361,SBN,NCCNCCN,1,MD,83593911,DFT,"SBN,NCCNCCN"
137361776,-55.66845247178624,SBN,NCCNCCN,1,frz,83593912,DFT,"SBN,NCCNCCN"
137354386,24.426769153098622,SBN,NCCNCCN,2,opt,83593914,DFT,"SBN,NCCNCCN"
137449350,47.61984714712947,SBN,c1ccncc1,1,opt,83609201,DFT,"SBN,c1ccncc1"
137449351,-3.606246743919595,SBN,c1ccncc1,1,frz,83609202,DFT,"SBN,c1ccncc1"
137449351,50.17257219853392,SBN,c1ccncc1,1,MD,83609202,DFT,"SBN,c1ccncc1"
137319235,-91.14025931591196,SFE,CN(C)c1ccncc1,1,MD,83596186,DFT,"SFE,CN(C)c1ccncc1"
137348885,-164.89854554686923,SFE,CN(C)c1ccncc1,1,opt,83596187,DFT,"SFE,CN(C)c1ccncc1"
137348885,-132.01009861726922,SFE,CN(C)c1ccncc1,1,frz,83596187,DFT,"SFE,CN(C)c1ccncc1"
137446010,-133.2501575915408,SFE,CN(C)c1ccncc1,1,MD,137444080,SLC,"SFE,CN(C)c1ccncc1"
139591831,-143.9316447825684,SFE,CN(C)c1ccncc1,1,opt,137444081,SLC,"SFE,CN(C)c1ccncc1"
139591816,-146.05731181148556,SFE,CN(C)c1ccncc1,1,frz,137444082,SLC,"SFE,CN(C)c1ccncc1"
137440628,-97.30914690887741,SFN,CCN(CC)CC,1,MD,83533940,DFT,"SFN,CCN(CC)CC"
138749651,-107.43349114562294,SFN,CCN(CC)CC,1,frz,83533941,DFT,"SFN,CCN(CC)CC"
138823705,-105.16581123969988,SFN,CCN(CC)CC,2,opt,83533945,DFT,"SFN,CCN(CC)CC"
137442449,-118.80053427095262,SFN,C1CCCNCCC1,1,frz,83492139,DFT,"SFN,C1CCCNCCC1"
137442449,-109.96875570773217,SFN,C1CCCNCCC1,1,opt,83492139,DFT,"SFN,C1CCCNCCC1"
137442449,-100.58189237091304,SFN,C1CCCNCCC1,1,MD,83492139,DFT,"SFN,C1CCCNCCC1"
137320744,-105.87667470930543,SFO,CN(C)c1ccncc1,1,MD,83490297,DFT,"SFO,CN(C)c1ccncc1"
139586821,-114.95297051566193,SFO,CN(C)c1ccncc1,2,frz,83490300,DFT,"SFO,CN(C)c1ccncc1"
139586821,-114.3630018857146,SFO,CN(C)c1ccncc1,2,opt,83490300,DFT,"SFO,CN(C)c1ccncc1"
137446016,-126.91652397535472,SFO,CN(C)c1ccncc1,1,frz,137444083,SLC,"SFO,CN(C)c1ccncc1"
137446016,-123.31294601527233,SFO,CN(C)c1ccncc1,1,opt,137444083,SLC,"SFO,CN(C)c1ccncc1"
137446019,-110.86409420405015,SFO,CN(C)c1ccncc1,1,MD,137444085,SLC,"SFO,CN(C)c1ccncc1"
137441114,-24.270427724260635,SOD,Cc1ncc[nH]1,1,opt,83550144,DFT,"SOD,Cc1ncc[nH]1"
137440458,-16.959856116960037,SOD,Cc1ncc[nH]1,2,MD,83550147,DFT,"SOD,Cc1ncc[nH]1"
139606041,-51.46887313738248,SOD,Cc1ncc[nH]1,2,frz,83550148,DFT,"SOD,Cc1ncc[nH]1"
137441080,-97.13549277695802,SOD,C1CCNC1,1,frz,83539885,DFT,"SOD,C1CCNC1"
137441080,-89.07568936654228,SOD,C1CCNC1,1,opt,83539885,DFT,"SOD,C1CCNC1"
137339949,-59.5299798200439,SOD,C1CCNC1,2,MD,83539889,DFT,"SOD,C1CCNC1"
137351349,108.5013578165822,SOD,CCN(CC)CC,1,frz,83500743,DFT,"SOD,CCN(CC)CC"
137351349,289.36315283536896,SOD,CCN(CC)CC,1,opt,83500743,DFT,"SOD,CCN(CC)CC"
137351329,136.24460772972807,SOD,CCN(CC)CC,1,MD,83500744,DFT,"SOD,CCN(CC)CC"
137440453,-114.20830939092515,SOD,NCCN,2,frz,83528924,DFT,"SOD,NCCN"
137440453,-105.94285428371991,SOD,NCCN,2,opt,83528924,DFT,"SOD,NCCN"
137440453,-91.77838286143914,SOD,NCCN,2,MD,83528924,DFT,"SOD,NCCN"
137361944,-90.25054860426242,SOD,CCN,1,frz,83493429,DFT,"SOD,CCN"
137361944,-89.53003871893915,SOD,CCN,1,opt,83493429,DFT,"SOD,CCN"
137358926,-77.28007964040114,SOD,CCN,1,MD,83493431,DFT,"SOD,CCN"
137340214,-53.07570774760445,SOD,C1CN2CCN1CC2,2,frz,83525775,DFT,"SOD,C1CN2CCN1CC2"
137351054,15.080946737410075,SOD,C1CN2CCN1CC2,2,opt,83525776,DFT,"SOD,C1CN2CCN1CC2"
137351054,26.852978267198047,SOD,C1CN2CCN1CC2,2,MD,83525776,DFT,"SOD,C1CN2CCN1CC2"
137446960,-79.98489790259505,SOD,c1ccncc1,1,opt,83596532,DFT,"SOD,c1ccncc1"
137440472,-73.38215329058055,SOD,c1ccncc1,2,MD,83596534,DFT,"SOD,c1ccncc1"
137344323,-87.28367000715848,SOD,c1ccncc1,2,frz,83596535,DFT,"SOD,c1ccncc1"
137443715,-85.93361408312,SOD,c1c[nH]cn1,1,MD,83497235,DFT,"SOD,c1c[nH]cn1"
137443722,-97.0048540714132,SOD,c1c[nH]cn1,2,frz,83497239,DFT,"SOD,c1c[nH]cn1"
137443722,-96.23661965430473,SOD,c1c[nH]cn1,2,opt,83497239,DFT,"SOD,c1c[nH]cn1"
137330258,-114.92047763826528,SOD,C1COCCN1,1,frz,87645142,DFT,"SOD,C1COCCN1"
137442425,-87.75667190081808,SOD,C1COCCN1,2,opt,87645146,DFT,"SOD,C1COCCN1"
137442425,-78.4143948030098,SOD,C1COCCN1,2,MD,87645146,DFT,"SOD,C1COCCN1"
137333590,40.83582130813398,SOD,C1N2CN3CN1CN(C2)C3,2,frz,87647546,DFT,"SOD,C1N2CN3CN1CN(C2)C3"
137333590,87.49268807661815,SOD,C1N2CN3CN1CN(C2)C3,2,opt,87647546,DFT,"SOD,C1N2CN3CN1CN(C2)C3"
137333590,98.88351032984454,SOD,C1N2CN3CN1CN(C2)C3,2,MD,87647546,DFT,"SOD,C1N2CN3CN1CN(C2)C3"
137364237,134.7204724494321,SOD,CC(C)NC(C)C,1,frz,87649943,DFT,"SOD,CC(C)NC(C)C"
137441081,308.2411513355097,SOD,CC(C)NC(C)C,1,opt,87649945,DFT,"SOD,CC(C)NC(C)C"
137441081,320.4185045110167,SOD,CC(C)NC(C)C,1,MD,87649945,DFT,"SOD,CC(C)NC(C)C"
137364047,397.1717933618623,SOD,CCN(C(C)C)C(C)C,1,frz,87644501,DFT,"SOD,CCN(C(C)C)C(C)C"
137364047,725.1548547407407,SOD,CCN(C(C)C)C(C)C,1,MD,87644501,DFT,"SOD,CCN(C(C)C)C(C)C"
137355778,1002.8111997374426,SOD,CCN(C(C)C)C(C)C,2,opt,87644505,DFT,"SOD,CCN(C(C)C)C(C)C"
137344423,-63.39970215492097,SOD,CN1CCCC1,2,frz,87648306,DFT,"SOD,CN1CCCC1"
137344423,-32.35865956814258,SOD,CN1CCCC1,2,opt,87648306,DFT,"SOD,CN1CCCC1"
137344423,-22.301131699105362,SOD,CN1CCCC1,2,MD,87648306,DFT,"SOD,CN1CCCC1"
137338673,-80.11419980408886,SOD,CN(C)C,2,frz,87650378,DFT,"SOD,CN(C)C"
137338673,-63.75562673432941,SOD,CN(C)C,2,MD,87650378,DFT,"SOD,CN(C)C"
137441098,-71.95086716732547,SOD,CN(C)C,2,opt,87650380,DFT,"SOD,CN(C)C"
139638955,-97.75680321448341,SOD,CP(C)C,1,frz,87647251,DFT,"SOD,CP(C)C"
137440975,-78.08496398503175,SOD,CP(C)C,2,MD,87647253,DFT,"SOD,CP(C)C"
137315436,-85.29485919754123,SOD,CP(C)C,2,opt,87647254,DFT,"SOD,CP(C)C"
137353857,12.440149913795416,SOD,NCCNCCN,1,frz,87648704,DFT,"SOD,NCCNCCN"
137353857,160.28918227969524,SOD,NCCNCCN,1,MD,87648704,DFT,"SOD,NCCNCCN"
137334807,201.5243328541987,SOD,NCCNCCN,1,opt,87648706,DFT,"SOD,NCCNCCN"
137317049,333.5012646441402,SOD,N[C@]12C[C@H]3C[C@H](C[C@H](C3)C1)C2,1,frz,87641748,DFT,"SOD,N[C@]12C[C@H]3C[C@H](C[C@H](C3)C1)C2"
137322730,637.8343357479534,SOD,N[C@]12C[C@H]3C[C@H](C[C@H](C3)C1)C2,2,MD,87641749,DFT,"SOD,N[C@]12C[C@H]3C[C@H](C[C@H](C3)C1)C2"
137335071,628.0370430231364,SOD,N[C@]12C[C@H]3C[C@H](C[C@H](C3)C1)C2,2,opt,87641751,DFT,"SOD,N[C@]12C[C@H]3C[C@H](C[C@H](C3)C1)C2"
137442470,-86.5493689932125,SSY,C1CCNC1,1,frz,83494365,DFT,"SSY,C1CCNC1"
137442470,-86.28651404720789,SSY,C1CCNC1,1,opt,83494365,DFT,"SSY,C1CCNC1"
137442470,-44.41016634330554,SSY,C1CCNC1,1,MD,83494365,DFT,"SSY,C1CCNC1"
137317293,-104.03532146366001,STI,CCN(CC)CC,7,opt,87644809,DFT,"STI,CCN(CC)CC"
137317293,-98.5042997774341,STI,CCN(CC)CC,7,MD,87644809,DFT,"STI,CCN(CC)CC"
137323319,-121.96997779283733,STI,CCN(CC)CC,7,frz,87644810,DFT,"STI,CCN(CC)CC"
137449781,-114.11170615622288,STI,CCN(CC)CC,7,frz,137444765,SLC,"STI,CCN(CC)CC"
137449781,-89.62536979475195,STI,CCN(CC)CC,7,opt,137444765,SLC,"STI,CCN(CC)CC"
137449784,-86.93038913877227,STI,CCN(CC)CC,8,MD,137444769,SLC,"STI,CCN(CC)CC"
137443766,-94.0984872050055,THO,NCCN,1,opt,83519549,DFT,"THO,NCCN"
137443766,-84.0009648783589,THO,NCCN,1,MD,83519549,DFT,"THO,NCCN"
139625953,-102.77095066195318,THO,NCCN,2,frz,83519552,DFT,"THO,NCCN"
137341806,-37.052625821139245,THO,NCCCN,2,MD,83600135,DFT,"THO,NCCCN"
137487327,-71.44796978097237,THO,NCCCN,2,frz,83600137,DFT,"THO,NCCCN"
137487327,-34.560080595528994,THO,NCCCN,2,opt,83600137,DFT,"THO,NCCCN"
137497214,-62.23510420301424,THO,C[C@H](N)CN,1,MD,83538681,DFT,"THO,C[C@H](N)CN"
137497214,-53.532539667178526,THO,C[C@H](N)CN,1,frz,83538681,DFT,"THO,C[C@H](N)CN"
137497214,77.93159100116263,THO,C[C@H](N)CN,1,opt,83538681,DFT,"THO,C[C@H](N)CN"
137443187,-82.1103767851453,THO,C[C@@H](N)CN,1,frz,83538682,DFT,"THO,C[C@@H](N)CN"
137443187,-46.28558934333867,THO,C[C@@H](N)CN,1,opt,83538682,DFT,"THO,C[C@@H](N)CN"
137333841,-52.503892403402546,THO,C[C@@H](N)CN,2,MD,83538685,DFT,"THO,C[C@@H](N)CN"
137441069,-97.92005636892247,TON,c1ccncc1,1,opt,83530453,DFT,"TON,c1ccncc1"
137315708,-92.10946075070808,TON,c1ccncc1,1,frz,83530455,DFT,"TON,c1ccncc1"
137352960,-80.00557830799492,TON,c1ccncc1,2,MD,83530458,DFT,"TON,c1ccncc1"
137444266,-123.95110857806596,VET,NC1CCCC1,1,frz,83596202,DFT,"VET,NC1CCCC1"
137444266,-106.92395126550478,VET,NC1CCCC1,1,MD,83596202,DFT,"VET,NC1CCCC1"
137444267,-119.9261406494842,VET,NC1CCCC1,1,opt,83596203,DFT,"VET,NC1CCCC1"
137443443,-96.3393123529637,ZON,C1CN2CCN1CC2,1,frz,83507878,DFT,"ZON,C1CN2CCN1CC2"
137443443,-66.43454838550481,ZON,C1CN2CCN1CC2,1,opt,83507878,DFT,"ZON,C1CN2CCN1CC2"
137443467,-46.873651465903905,ZON,C1CN2CCN1CC2,4,MD,83507885,DFT,"ZON,C1CN2CCN1CC2"
137448488,-80.07245575379861,ZON,C1CN2CCN1CC2,3,frz,137442945,SLC,"ZON,C1CN2CCN1CC2"
137448488,-43.79546865243154,ZON,C1CN2CCN1CC2,3,opt,137442945,SLC,"ZON,C1CN2CCN1CC2"
137448490,-27.10302146340593,ZON,C1CN2CCN1CC2,3,MD,137442949,SLC,"ZON,C1CN2CCN1CC2"
137325458,-103.67849299023668,ZON,c1c[nH]cn1,2,frz,83508372,DFT,"ZON,c1c[nH]cn1"
137325458,-103.47267871569083,ZON,c1c[nH]cn1,2,opt,83508372,DFT,"ZON,c1c[nH]cn1"
137325458,-93.3258706271043,ZON,c1c[nH]cn1,2,MD,83508372,DFT,"ZON,c1c[nH]cn1"
137448497,-101.38320509765164,ZON,c1c[nH]cn1,3,opt,137443031,SLC,"ZON,c1c[nH]cn1"
137448499,-103.04732609526968,ZON,c1c[nH]cn1,4,frz,137443033,SLC,"ZON,c1c[nH]cn1"
137448501,-94.10477510369485,ZON,c1c[nH]cn1,4,MD,137443035,SLC,"ZON,c1c[nH]cn1"
