ID,Framework,Total Energy (kJ/mol Si),Method,Optimizer
137344551,ABW,198.34670693126247,MD,BFGS + RFO (G < 0.15)
137344551,ABW,187.27583127039017,opt,BFGS + RFO (G < 0.15)
137352475,ABW,187.2758318734234,opt,BFGS + RFO (G < 0.05)
137326395,ABW,187.27583127039017,opt,Lower + RFO
137326395,ABW,199.1356941637862,MD,Lower + RFO
137352475,ABW,198.3592388348157,MD,BFGS + RFO (G < 0.05)
137328330,ACO,224.68900311634374,MD,Lower + RFO
137328330,ACO,287.6581124554957,opt,Lower + RFO
137342838,ACO,287.6516378686781,opt,BFGS + RFO (G < 0.05)
137328457,ACO,287.6582192526797,opt,CG + RFO (G < 0.10)
137328457,ACO,225.1781494198197,MD,CG + RFO (G < 0.10)
137342838,ACO,224.90600284374273,MD,BFGS + RFO (G < 0.05)
137349014,AEI,188.2517528668304,MD,BFGS + RFO (G < 0.05)
137349014,AEI,174.381723895389,opt,BFGS + RFO (G < 0.05)
137373128,AEI,188.19216552474307,MD,BFGS + RFO (G < 0.15)
137373128,AEI,173.74483425532685,opt,BFGS + RFO (G < 0.15)
137317670,AEI,173.74483427542793,opt,CG + RFO (G < 0.10)
137317670,AEI,188.25829914087242,MD,CG + RFO (G < 0.10)
137325864,AEI,188.35887301814438,MD,Lower + RFO
137325864,AEI,174.79786409785132,opt,Lower + RFO
137370622,AEL,180.11692445099743,MD,BFGS + RFO (G < 0.15)
137370622,AEL,167.17876261000671,opt,BFGS + RFO (G < 0.15)
137350267,AEL,167.69194205053012,opt,CG + RFO (G < 0.10)
137350267,AEL,180.15062146758507,MD,CG + RFO (G < 0.10)
137354109,AEL,181.49695230426946,MD,Lower + RFO
137354109,AEL,166.4201347051296,opt,Lower + RFO
137346143,AEL,169.93916386135257,opt,BFGS + RFO (G < 0.05)
137346143,AEL,183.22144762144106,MD,BFGS + RFO (G < 0.05)
137364007,AEN,193.51923977688315,MD,BFGS + RFO (G < 0.15)
137342556,AEN,180.6044810435621,opt,Lower + RFO
137342556,AEN,193.53410711630775,MD,Lower + RFO
137364007,AEN,179.68383196906166,opt,BFGS + RFO (G < 0.15)
137336928,AEN,192.69371598076413,MD,CG + RFO (G < 0.10)
137317832,AEN,179.6838301197598,opt,BFGS + RFO (G < 0.05)
137336928,AEN,177.77780087689658,opt,CG + RFO (G < 0.10)
137317832,AEN,193.15876232247257,MD,BFGS + RFO (G < 0.05)
137360041,AET,157.54556160600228,MD,Lower + RFO
137360041,AET,144.9186489730071,opt,Lower + RFO
137363761,AET,143.97127559002976,opt,CG + RFO (G < 0.10)
137363761,AET,158.2867708029318,MD,CG + RFO (G < 0.10)
137344826,AET,159.4311805846301,MD,BFGS + RFO (G < 0.15)
137344826,AET,144.94311768931206,opt,BFGS + RFO (G < 0.15)
137345081,AET,157.53303298851023,MD,BFGS + RFO (G < 0.05)
137345081,AET,143.4646738777866,opt,BFGS + RFO (G < 0.05)
137340411,AFG,195.00389718429602,MD,BFGS + RFO (G < 0.15)
137340411,AFG,199.4732566932692,opt,BFGS + RFO (G < 0.15)
137332206,AFG,197.96245743561906,opt,Lower + RFO
137336091,AFG,197.96245743561906,opt,BFGS + RFO (G < 0.05)
137336091,AFG,213.12854644153398,MD,BFGS + RFO (G < 0.05)
137332206,AFG,213.13283283493058,MD,Lower + RFO
137350347,AFI,187.8438968089855,opt,BFGS + RFO (G < 0.05)
137350347,AFI,201.73050516692027,MD,BFGS + RFO (G < 0.05)
137370812,AFI,201.97981924988022,MD,Lower + RFO
137370812,AFI,187.84389676878328,opt,Lower + RFO
137336835,AFI,204.92909655555673,MD,CG + RFO (G < 0.10)
137350252,AFI,187.8438968089855,opt,BFGS + RFO (G < 0.15)
137350252,AFI,201.73050516692027,MD,BFGS + RFO (G < 0.15)
137336835,AFI,189.67392728219326,opt,CG + RFO (G < 0.10)
137328815,AFN,140.59107698924225,opt,Lower + RFO
137328815,AFN,155.7340520075927,MD,Lower + RFO
137333955,AFN,155.80961490078872,MD,BFGS + RFO (G < 0.05)
137333955,AFN,140.59105108896526,opt,BFGS + RFO (G < 0.05)
137320466,AFO,163.08904456789503,opt,BFGS + RFO (G < 0.05)
137350213,AFO,177.5477551571943,MD,Lower + RFO
137350213,AFO,163.08904456789503,opt,Lower + RFO
137320466,AFO,177.84090139739922,MD,BFGS + RFO (G < 0.05)
137336252,AFO,177.86502483303738,MD,BFGS + RFO (G < 0.15)
137336252,AFO,163.0890445196524,opt,BFGS + RFO (G < 0.15)
137318617,AFR,156.48087033696373,MD,Lower + RFO
137347249,AFR,141.34860777768367,opt,CG + RFO (G < 0.10)
137347249,AFR,156.48286072351806,MD,CG + RFO (G < 0.10)
137318617,AFR,141.34855347454183,opt,Lower + RFO
137335089,AFR,141.34855326348023,opt,BFGS + RFO (G < 0.05)
137335089,AFR,156.47843399439066,MD,BFGS + RFO (G < 0.05)
137318756,AFR,141.34863397947726,opt,BFGS + RFO (G < 0.15)
137318756,AFR,156.48542586647858,MD,BFGS + RFO (G < 0.15)
137355522,AFS,148.360107466725,MD,BFGS + RFO (G < 0.15)
137355522,AFS,133.14973849209153,opt,BFGS + RFO (G < 0.15)
137347697,AFS,133.1497385437801,opt,BFGS + RFO (G < 0.05)
137347697,AFS,148.35016962757953,MD,BFGS + RFO (G < 0.05)
137362321,AFS,133.122562713698,opt,CG + RFO (G < 0.10)
137362321,AFS,148.34675614528948,MD,CG + RFO (G < 0.10)
137347072,AFS,133.1497115623507,opt,Lower + RFO
137347072,AFS,148.3377883507307,MD,Lower + RFO
137326261,AFT,173.61741375048862,opt,BFGS + RFO (G < 0.15)
137346582,AFT,189.13707312597202,MD,BFGS + RFO (G < 0.05)
137326261,AFT,189.04854796346334,MD,BFGS + RFO (G < 0.15)
137346582,AFT,174.02288960519832,opt,BFGS + RFO (G < 0.05)
137336557,AFT,174.32841662942286,opt,Lower + RFO
137336557,AFT,189.00887024416505,MD,Lower + RFO
137353977,AFV,178.07546299306367,opt,BFGS + RFO (G < 0.15)
137353977,AFV,192.52013314082546,MD,BFGS + RFO (G < 0.15)
137352473,AFV,192.4642779486339,MD,BFGS + RFO (G < 0.05)
137352473,AFV,178.07546321819606,opt,BFGS + RFO (G < 0.05)
137360379,AFV,179.95529711188541,opt,Lower + RFO
137360379,AFV,192.38737485354545,MD,Lower + RFO
137357323,AFV,178.07546312171078,opt,CG + RFO (G < 0.10)
137357323,AFV,192.32381873861803,MD,CG + RFO (G < 0.10)
137325070,AFX,188.26773244221184,MD,Lower + RFO
137325070,AFX,173.0891817189221,opt,Lower + RFO
137318199,AFX,173.00762652073493,opt,CG + RFO (G < 0.10)
137371345,AFX,188.3221133187735,MD,BFGS + RFO (G < 0.05)
137371345,AFX,173.00762646043165,opt,BFGS + RFO (G < 0.05)
137318199,AFX,188.27040768678697,MD,CG + RFO (G < 0.10)
137359211,AFX,173.08905331304757,opt,BFGS + RFO (G < 0.15)
137359211,AFX,188.27849560356373,MD,BFGS + RFO (G < 0.15)
137321307,AFY,152.66425681139074,MD,BFGS + RFO (G < 0.05)
137321307,AFY,137.74130153454084,opt,BFGS + RFO (G < 0.05)
137370086,AFY,137.7413014742375,opt,Lower + RFO
137370473,AFY,152.5946570761875,MD,CG + RFO (G < 0.10)
137370473,AFY,146.53583712765814,opt,CG + RFO (G < 0.10)
137370086,AFY,152.68827308187875,MD,Lower + RFO
137342260,AHT,188.9419197908976,MD,BFGS + RFO (G < 0.05)
137351256,AHT,177.3045444027107,opt,BFGS + RFO (G < 0.15)
137342260,AHT,176.91528404439453,opt,BFGS + RFO (G < 0.05)
137351256,AHT,188.90014519519718,MD,BFGS + RFO (G < 0.15)
137322639,AHT,182.11843814499377,opt,CG + RFO (G < 0.10)
137322639,AHT,187.6491552307889,MD,CG + RFO (G < 0.10)
137366551,alpha-quartz,149.46513952807658,MD,BFGS + RFO (G < 0.15)
137328552,alpha-quartz,135.53287012531723,opt,Lower + RFO
137328552,alpha-quartz,150.0034143453775,MD,Lower + RFO
137366551,alpha-quartz,135.53287012531723,opt,BFGS + RFO (G < 0.15)
137363276,alpha-quartz,149.81586005586684,MD,CG + RFO (G < 0.10)
137362802,alpha-quartz,149.90949213813272,MD,BFGS + RFO (G < 0.05)
137362802,alpha-quartz,135.53287012531723,opt,BFGS + RFO (G < 0.05)
137363276,alpha-quartz,135.53287848737793,opt,CG + RFO (G < 0.10)
137366689,ANA,185.77017729280607,MD,BFGS + RFO (G < 0.05)
137366689,ANA,170.51470835870143,opt,BFGS + RFO (G < 0.05)
137318465,ANA,185.782389146895,MD,BFGS + RFO (G < 0.15)
137318465,ANA,170.51470835870143,opt,BFGS + RFO (G < 0.15)
137367920,ANA,170.51470833860034,opt,Lower + RFO
137371644,ANA,185.78281581462934,MD,CG + RFO (G < 0.10)
137367920,ANA,185.76957593261523,MD,Lower + RFO
137371644,ANA,170.51470833860034,opt,CG + RFO (G < 0.10)
137328428,APC,194.62907150706383,MD,BFGS + RFO (G < 0.05)
137336954,APC,187.6860664810668,opt,Lower + RFO
137336954,APC,193.60104369885767,MD,Lower + RFO
137315448,APC,180.5477806939039,opt,BFGS + RFO (G < 0.15)
137315448,APC,193.57746199743002,MD,BFGS + RFO (G < 0.15)
137328428,APC,187.68603090210655,opt,BFGS + RFO (G < 0.05)
139582369,APD,199.8745192218455,opt,BFGS + RFO (G < 0.05)
139628107,APD,197.486839111457,opt,BFGS + RFO (G < 0.15)
137347912,APD,214.0176495919551,MD,CG + RFO (G < 0.10)
137347912,APD,199.26723075406122,opt,CG + RFO (G < 0.10)
137356909,AST,231.93349088939345,MD,Lower + RFO
137356909,AST,246.95615096693442,opt,Lower + RFO
137349961,AST,219.77473998808577,opt,BFGS + RFO (G < 0.15)
137349961,AST,232.04867098145112,MD,BFGS + RFO (G < 0.15)
137315353,ASV,107.20931798287198,opt,BFGS + RFO (G < 0.15)
137315353,ASV,122.28521734587211,MD,BFGS + RFO (G < 0.15)
137332504,ASV,107.7580435786123,opt,Lower + RFO
137359696,ASV,122.28557803722525,MD,BFGS + RFO (G < 0.05)
137332504,ASV,122.32852092609825,MD,Lower + RFO
137315586,ASV,107.7580435786123,opt,CG + RFO (G < 0.10)
137315586,ASV,122.81768691835119,MD,CG + RFO (G < 0.10)
137359696,ASV,107.20931696977617,opt,BFGS + RFO (G < 0.05)
137323521,ATN,188.2501874129023,MD,BFGS + RFO (G < 0.05)
137323521,ATN,173.49525922657986,opt,BFGS + RFO (G < 0.05)
137349739,ATN,188.62401569425057,MD,CG + RFO (G < 0.10)
137346874,ATN,173.4952598899164,opt,Lower + RFO
137346874,ATN,188.4785292870119,MD,Lower + RFO
137349739,ATN,179.75762496378988,opt,CG + RFO (G < 0.10)
137326952,ATN,173.49525904566988,opt,BFGS + RFO (G < 0.15)
137326952,ATN,188.27962352935285,MD,BFGS + RFO (G < 0.15)
137343415,ATO,201.14030427414167,MD,CG + RFO (G < 0.10)
137343415,ATO,189.1812591216197,opt,CG + RFO (G < 0.10)
137371628,ATO,192.70355077603014,opt,BFGS + RFO (G < 0.15)
137335659,ATO,197.636329998471,MD,Lower + RFO
137335659,ATO,186.8941140000607,opt,Lower + RFO
137371628,ATO,196.21039971432134,MD,BFGS + RFO (G < 0.15)
137319819,ATO,191.060348518531,opt,BFGS + RFO (G < 0.05)
137319819,ATO,202.18890541811967,MD,BFGS + RFO (G < 0.05)
137353100,ATS,178.3224658878096,MD,CG + RFO (G < 0.10)
137353100,ATS,163.2280394726653,opt,CG + RFO (G < 0.10)
137344222,ATS,178.31365133493082,MD,BFGS + RFO (G < 0.05)
137344222,ATS,163.2280394726653,opt,BFGS + RFO (G < 0.05)
137350931,ATS,163.2280394726653,opt,BFGS + RFO (G < 0.15)
137350931,ATS,178.31365133493082,MD,BFGS + RFO (G < 0.15)
137355249,ATT,197.96501291119645,MD,CG + RFO (G < 0.10)
137355249,ATT,183.12855164064035,opt,CG + RFO (G < 0.10)
139636944,ATT,183.128549710934,opt,BFGS + RFO (G < 0.05)
139607208,ATT,183.128549710934,opt,BFGS + RFO (G < 0.15)
137344637,ATV,229.60565041431863,MD,Lower + RFO
137355454,ATV,229.6679406758443,MD,BFGS + RFO (G < 0.05)
137355454,ATV,218.87376724043344,opt,BFGS + RFO (G < 0.05)
137342799,ATV,230.81201210665014,MD,CG + RFO (G < 0.10)
137342799,ATV,217.15067550321993,opt,CG + RFO (G < 0.10)
137344637,ATV,218.87375606421767,opt,Lower + RFO
137336124,ATV,230.2634670514721,MD,BFGS + RFO (G < 0.15)
137336124,ATV,215.10086868702513,opt,BFGS + RFO (G < 0.15)
137324867,AVL,187.94182810305816,MD,BFGS + RFO (G < 0.05)
137365241,AVL,187.93749432395148,MD,Lower + RFO
137365241,AVL,174.84040434726538,opt,Lower + RFO
137324867,AVL,174.6726021399098,opt,BFGS + RFO (G < 0.05)
137367888,AVL,174.67260211693713,opt,CG + RFO (G < 0.10)
137367888,AVL,187.96546555805796,MD,CG + RFO (G < 0.10)
137342199,AVL,187.95511940169175,MD,BFGS + RFO (G < 0.15)
137342199,AVL,174.6726021399098,opt,BFGS + RFO (G < 0.15)
137360134,AWO,170.34240992701191,opt,BFGS + RFO (G < 0.15)
137360134,AWO,185.9231117442534,MD,BFGS + RFO (G < 0.15)
137362718,AWO,170.34240992701191,opt,BFGS + RFO (G < 0.05)
137362718,AWO,185.9231117442534,MD,BFGS + RFO (G < 0.05)
137329552,AWO,186.07233489056003,MD,CG + RFO (G < 0.10)
137336075,AWO,185.56227778282684,MD,Lower + RFO
137329552,AWO,170.342409947113,opt,CG + RFO (G < 0.10)
137336075,AWO,170.342409947113,opt,Lower + RFO
137362335,AWW,169.01963705178335,opt,BFGS + RFO (G < 0.15)
137362335,AWW,184.10080623613456,MD,BFGS + RFO (G < 0.15)
137351553,AWW,169.01963853926534,opt,CG + RFO (G < 0.10)
137351553,AWW,184.10859271097883,MD,CG + RFO (G < 0.10)
137344592,AWW,184.10559364333267,MD,BFGS + RFO (G < 0.05)
137344592,AWW,169.01963705178335,opt,BFGS + RFO (G < 0.05)
137349877,AWW,184.1054603465377,MD,Lower + RFO
137349877,AWW,169.01963701158118,opt,Lower + RFO
137336014,BCT,244.78594160437393,MD,Lower + RFO
137336014,BCT,224.7974017581323,opt,Lower + RFO
137315999,BCT,242.6224263901505,MD,CG + RFO (G < 0.10)
139638827,BCT,227.7738298687673,opt,BFGS + RFO (G < 0.15)
137315999,BCT,227.7738298687673,opt,CG + RFO (G < 0.10)
137335346,BEA,164.6359170398405,opt,CG + RFO (G < 0.10)
137351991,BEA,178.74254059804636,MD,BFGS + RFO (G < 0.15)
137351991,BEA,164.950559619812,opt,BFGS + RFO (G < 0.15)
137336422,BEA,165.66731884954262,opt,Lower + RFO
137336422,BEA,179.9956356540593,MD,Lower + RFO
137335346,BEA,178.04739334812274,MD,CG + RFO (G < 0.10)
137334071,BEA,179.97510245431724,MD,BFGS + RFO (G < 0.05)
137334071,BEA,165.66724915397774,opt,BFGS + RFO (G < 0.05)
137363123,BEC,162.31827218294728,opt,CG + RFO (G < 0.10)
137363123,BEC,177.4307885217865,MD,CG + RFO (G < 0.10)
137358406,BEC,178.83884842017233,MD,BFGS + RFO (G < 0.05)
137358406,BEC,163.75146008974673,opt,BFGS + RFO (G < 0.05)
137321910,BEC,163.75146005959508,opt,BFGS + RFO (G < 0.15)
137321910,BEC,178.84772789461223,MD,BFGS + RFO (G < 0.15)
137357348,BEC,179.02652693701782,MD,Lower + RFO
137357348,BEC,163.89504166722992,opt,Lower + RFO
137350602,BIK,220.0191748983177,opt,CG + RFO (G < 0.10)
137350602,BIK,235.12423387423138,MD,CG + RFO (G < 0.10)
137365358,BIK,216.59888076586512,opt,BFGS + RFO (G < 0.15)
137365358,BIK,231.61862095830176,MD,BFGS + RFO (G < 0.15)
137359552,BOF,146.2967513392163,opt,BFGS + RFO (G < 0.15)
137362945,BOF,161.29981157464962,MD,BFGS + RFO (G < 0.05)
137359552,BOF,161.20784710208423,MD,BFGS + RFO (G < 0.15)
137362945,BOF,146.29675141962073,opt,BFGS + RFO (G < 0.05)
137345694,BOF,146.2967512990141,opt,Lower + RFO
137345694,BOF,161.2882232848238,MD,Lower + RFO
137346494,BOF,146.2967512990141,opt,CG + RFO (G < 0.10)
137346494,BOF,161.26729912165013,MD,CG + RFO (G < 0.10)
137321481,BOG,152.7165979566422,opt,BFGS + RFO (G < 0.15)
137321481,BOG,167.95659387196122,MD,BFGS + RFO (G < 0.15)
137344311,BOG,167.98846397955256,MD,BFGS + RFO (G < 0.05)
137343353,BOG,167.93912576826762,MD,CG + RFO (G < 0.10)
137343353,BOG,153.06299968841054,opt,CG + RFO (G < 0.10)
137327519,BOG,167.95137867499594,MD,Lower + RFO
137327519,BOG,152.7165979666928,opt,Lower + RFO
137344311,BOG,152.7165979566422,opt,BFGS + RFO (G < 0.05)
137328733,BOZ,132.19699590990828,MD,BFGS + RFO (G < 0.15)
137328733,BOZ,117.08602947340218,opt,BFGS + RFO (G < 0.15)
137318901,BOZ,117.2833863695367,opt,Lower + RFO
137356286,BOZ,132.1713276314141,MD,CG + RFO (G < 0.10)
137356286,BOZ,117.18347393720477,opt,CG + RFO (G < 0.10)
137318901,BOZ,132.2104725070301,MD,Lower + RFO
137332621,BOZ,132.17957188615875,MD,BFGS + RFO (G < 0.05)
137332621,BOZ,117.0357832139867,opt,BFGS + RFO (G < 0.05)
137363764,BPH,141.66981409216655,opt,BFGS + RFO (G < 0.05)
137363764,BPH,147.24839479839798,MD,BFGS + RFO (G < 0.05)
137368294,BPH,141.66985826865758,opt,Lower + RFO
137351631,BPH,147.1999749052156,MD,BFGS + RFO (G < 0.15)
137351631,BPH,132.1312946495413,opt,BFGS + RFO (G < 0.15)
137368294,BPH,147.2561174604404,MD,Lower + RFO
137330933,BPH,147.2580275911533,MD,CG + RFO (G < 0.10)
137330933,BPH,132.14289104735965,opt,CG + RFO (G < 0.10)
137358753,BRE,152.83312277008184,opt,BFGS + RFO (G < 0.15)
137358753,BRE,166.8835194834814,MD,BFGS + RFO (G < 0.15)
137322786,BRE,166.900485348345,MD,Lower + RFO
137322786,BRE,152.83312277008184,opt,Lower + RFO
137340480,BRE,166.91135461013315,MD,BFGS + RFO (G < 0.05)
137340480,BRE,152.83312277008184,opt,BFGS + RFO (G < 0.05)
137318483,BRE,166.94895657182195,MD,CG + RFO (G < 0.10)
137318483,BRE,152.83312277008184,opt,CG + RFO (G < 0.10)
137346034,BSV,104.47687508076729,MD,BFGS + RFO (G < 0.05)
137346034,BSV,89.35588676413,opt,BFGS + RFO (G < 0.05)
137353552,BSV,89.35588690483776,opt,CG + RFO (G < 0.10)
137340317,BSV,89.35588676413,opt,BFGS + RFO (G < 0.15)
137353552,BSV,104.47686349105882,MD,CG + RFO (G < 0.10)
137354000,BSV,104.47687508076729,MD,Lower + RFO
137354000,BSV,89.35588676413,opt,Lower + RFO
137340317,BSV,104.47687508076729,MD,BFGS + RFO (G < 0.15)
137339080,CAN,189.4859354133731,opt,CG + RFO (G < 0.10)
137339080,CAN,204.40413585270275,MD,CG + RFO (G < 0.10)
137368205,CAN,204.44350607747202,MD,BFGS + RFO (G < 0.05)
137339852,CAN,189.4859354133731,opt,BFGS + RFO (G < 0.15)
137368205,CAN,189.4859354133731,opt,BFGS + RFO (G < 0.05)
137339852,CAN,204.44350607747202,MD,BFGS + RFO (G < 0.15)
137369382,CAN,214.16708988169438,MD,Lower + RFO
137369382,CAN,197.86109504835395,opt,Lower + RFO
137320776,CAS,215.95563443198066,opt,Lower + RFO
139587318,CAS,216.68085404698658,opt,BFGS + RFO (G < 0.05)
137318503,CAS,231.3509406374022,MD,CG + RFO (G < 0.10)
137318503,CAS,218.42012190922435,opt,CG + RFO (G < 0.10)
137320776,CAS,231.05710859695031,MD,Lower + RFO
137330370,CDO,199.58582503922707,opt,BFGS + RFO (G < 0.05)
137319764,CDO,199.58582503922707,opt,BFGS + RFO (G < 0.15)
137319764,CDO,211.55068706139238,MD,BFGS + RFO (G < 0.15)
137325456,CFI,203.37838328648706,opt,BFGS + RFO (G < 0.05)
137316247,CFI,199.46420486305823,opt,BFGS + RFO (G < 0.15)
137316247,CFI,210.51471733045057,MD,BFGS + RFO (G < 0.15)
137325456,CFI,214.05464624037134,MD,BFGS + RFO (G < 0.05)
137350451,CFI,210.0104547685927,MD,Lower + RFO
137350451,CFI,202.38369885820566,opt,Lower + RFO
137321219,CGF,142.75323829365485,MD,CG + RFO (G < 0.10)
137321219,CGF,127.38537673241781,opt,CG + RFO (G < 0.10)
137362624,CGF,142.6046250957968,MD,BFGS + RFO (G < 0.05)
137362624,CGF,128.40588007509342,opt,BFGS + RFO (G < 0.05)
137335321,CGF,142.78399604502272,MD,Lower + RFO
137335321,CGF,128.4060254195012,opt,Lower + RFO
137324260,CGS,129.8395538379001,MD,Lower + RFO
137352432,CGS,114.74118723735297,opt,BFGS + RFO (G < 0.15)
137352432,CGS,129.83940800756673,MD,BFGS + RFO (G < 0.15)
137328441,CGS,129.83941728938862,MD,BFGS + RFO (G < 0.05)
137328441,CGS,114.741187056443,opt,BFGS + RFO (G < 0.05)
137324260,CGS,114.741187056443,opt,Lower + RFO
137371330,CHA,190.15452849719318,MD,Lower + RFO
137365688,CHA,174.83271336107302,opt,CG + RFO (G < 0.10)
137365688,CHA,190.21399828617996,MD,CG + RFO (G < 0.10)
137371330,CHA,174.49296867722504,opt,Lower + RFO
137364260,CHA,190.18377165886452,MD,BFGS + RFO (G < 0.05)
137364260,CHA,174.81921410053064,opt,BFGS + RFO (G < 0.05)
137337924,CHA,190.02277927067047,MD,BFGS + RFO (G < 0.15)
137337924,CHA,174.8178355397788,opt,BFGS + RFO (G < 0.15)
137329069,CHI,109.06726738348515,opt,BFGS + RFO (G < 0.05)
137329069,CHI,123.06555185363374,MD,BFGS + RFO (G < 0.05)
137361908,CHI,107.5830470143727,opt,BFGS + RFO (G < 0.15)
137352730,CHI,123.00741855805775,MD,Lower + RFO
137361908,CHI,122.67621242846434,MD,BFGS + RFO (G < 0.15)
137327439,CHI,122.96683420160291,MD,CG + RFO (G < 0.10)
137327439,CHI,108.43782628189145,opt,CG + RFO (G < 0.10)
137352730,CHI,109.06725445664568,opt,Lower + RFO
137371448,CON,164.1429625611746,MD,CG + RFO (G < 0.10)
137371448,CON,148.9932204657561,opt,CG + RFO (G < 0.10)
137338464,CON,164.1599460802074,MD,Lower + RFO
137370300,CON,148.99339910142666,opt,BFGS + RFO (G < 0.05)
137370300,CON,164.14374444705265,MD,BFGS + RFO (G < 0.05)
137338464,CON,148.99329345000578,opt,Lower + RFO
137338366,CSV,147.53759029933227,opt,BFGS + RFO (G < 0.05)
137338366,CSV,159.2628773788211,MD,BFGS + RFO (G < 0.05)
137325074,CSV,146.6006937127345,opt,BFGS + RFO (G < 0.15)
137325074,CSV,159.75864832302864,MD,BFGS + RFO (G < 0.15)
137366112,CSV,159.28959653812527,MD,CG + RFO (G < 0.10)
137366112,CSV,147.53758561979444,opt,CG + RFO (G < 0.10)
137326804,CTH,188.7198946291462,MD,BFGS + RFO (G < 0.15)
137343909,CTH,172.2313418035575,opt,BFGS + RFO (G < 0.05)
137343909,CTH,186.69050625671312,MD,BFGS + RFO (G < 0.05)
137326804,CTH,173.94851296560165,opt,BFGS + RFO (G < 0.15)
137357985,CTH,174.68752873450728,opt,CG + RFO (G < 0.10)
137357985,CTH,188.33480487599357,MD,CG + RFO (G < 0.10)
137363757,CTH,172.23134043919484,opt,Lower + RFO
137363757,CTH,186.88391104279643,MD,Lower + RFO
137326913,CZP,114.92862673496354,MD,BFGS + RFO (G < 0.15)
137327362,CZP,99.96044352474148,opt,BFGS + RFO (G < 0.05)
137327362,CZP,114.92866186821222,MD,BFGS + RFO (G < 0.05)
137326913,CZP,99.96044372575257,opt,BFGS + RFO (G < 0.15)
137319892,CZP,114.92963150411342,MD,CG + RFO (G < 0.10)
137319892,CZP,99.96044364534814,opt,CG + RFO (G < 0.10)
137360069,DAC,206.2395848095068,MD,Lower + RFO
137360069,DAC,192.31147013853052,opt,Lower + RFO
137337340,DAC,206.2280708580497,MD,BFGS + RFO (G < 0.05)
137337340,DAC,192.31147025913717,opt,BFGS + RFO (G < 0.05)
137367509,DAC,206.31212456972298,MD,CG + RFO (G < 0.10)
137328082,DAC,192.31147013853052,opt,BFGS + RFO (G < 0.15)
137328082,DAC,206.24552515255587,MD,BFGS + RFO (G < 0.15)
137367509,DAC,194.6433578863864,opt,CG + RFO (G < 0.10)
137339642,DDR,198.05716275774822,MD,BFGS + RFO (G < 0.05)
137337020,DDR,183.7171935170899,opt,Lower + RFO
137337020,DDR,198.28838628886388,MD,Lower + RFO
139621176,DDR,184.89713665454784,opt,BFGS + RFO (G < 0.15)
137339642,DDR,205.71701836102724,opt,BFGS + RFO (G < 0.05)
137332421,DFO,154.7620203665636,MD,Lower + RFO
137332421,DFO,139.8626853683109,opt,Lower + RFO
137320946,DFO,140.15919439248836,opt,BFGS + RFO (G < 0.05)
137319996,DFO,155.05790756318922,MD,CG + RFO (G < 0.10)
137319996,DFO,140.1595821830537,opt,CG + RFO (G < 0.10)
137326540,DFO,155.10187808907526,MD,BFGS + RFO (G < 0.15)
137326540,DFO,140.1591944509643,opt,BFGS + RFO (G < 0.15)
137327313,DFT,202.20804958568812,MD,BFGS + RFO (G < 0.05)
137327313,DFT,187.7214754763769,opt,BFGS + RFO (G < 0.05)
137333794,DFT,187.72147451152375,opt,BFGS + RFO (G < 0.15)
137333794,DFT,202.30131490017024,MD,BFGS + RFO (G < 0.15)
137317174,DFT,187.72147451152375,opt,Lower + RFO
137317174,DFT,202.33659039664207,MD,Lower + RFO
137338384,DOH,243.21038401434754,opt,Lower + RFO
137334422,DOH,256.96366117328296,MD,BFGS + RFO (G < 0.15)
137334422,DOH,243.21038395759146,opt,BFGS + RFO (G < 0.15)
137347042,DOH,257.22533675339207,MD,BFGS + RFO (G < 0.05)
137338384,DOH,255.9021508950314,MD,Lower + RFO
137347042,DOH,242.25877899903998,opt,BFGS + RFO (G < 0.05)
137323962,DON,174.4660150799646,MD,BFGS + RFO (G < 0.05)
137340541,DON,174.93283911452914,MD,Lower + RFO
137323962,DON,159.27865306500107,opt,BFGS + RFO (G < 0.05)
137340541,DON,159.78783384648816,opt,Lower + RFO
137343835,DON,159.45383305577516,opt,CG + RFO (G < 0.10)
137368136,DON,174.4660150799646,MD,BFGS + RFO (G < 0.15)
137343835,DON,174.63082254609515,MD,CG + RFO (G < 0.10)
137368136,DON,159.27865306500107,opt,BFGS + RFO (G < 0.15)
137356629,EAB,192.50921919213064,MD,CG + RFO (G < 0.10)
137356629,EAB,181.69845132760204,opt,CG + RFO (G < 0.10)
137334809,EAB,192.6599060985096,MD,Lower + RFO
137341985,EAB,192.46367907807482,MD,BFGS + RFO (G < 0.05)
137341985,EAB,184.14172938931205,opt,BFGS + RFO (G < 0.05)
137334809,EAB,184.14172965732683,opt,Lower + RFO
137350598,EAB,181.69845199763895,opt,BFGS + RFO (G < 0.15)
137350598,EAB,192.5652754672747,MD,BFGS + RFO (G < 0.15)
137353832,EDI,179.5666209078332,opt,CG + RFO (G < 0.10)
137353832,EDI,194.1555775837526,MD,CG + RFO (G < 0.10)
137354636,EDI,187.45536820334522,opt,BFGS + RFO (G < 0.05)
137354636,EDI,194.09283922274622,MD,BFGS + RFO (G < 0.05)
137366124,EDI,194.16800303190723,MD,Lower + RFO
137321077,EDI,194.09283922274622,MD,BFGS + RFO (G < 0.15)
137366124,EDI,187.45536820334522,opt,Lower + RFO
137321077,EDI,187.45536820334522,opt,BFGS + RFO (G < 0.15)
137334467,EEI,204.48286336791298,MD,CG + RFO (G < 0.10)
137334467,EEI,193.36432422822796,opt,CG + RFO (G < 0.10)
137348911,EEI,206.77745901376147,MD,Lower + RFO
137348911,EEI,195.36879431515374,opt,Lower + RFO
137323003,EMT,123.43296440119019,opt,Lower + RFO
137316146,EMT,123.43286847870532,opt,BFGS + RFO (G < 0.15)
137322334,EMT,123.43297069283683,opt,CG + RFO (G < 0.10)
137322334,EMT,138.55914716085317,MD,CG + RFO (G < 0.10)
137323003,EMT,138.55918373883404,MD,Lower + RFO
137316146,EMT,138.55922497454773,MD,BFGS + RFO (G < 0.15)
137344501,EMT,123.43296903449544,opt,BFGS + RFO (G < 0.05)
137344501,EMT,138.55917822762365,MD,BFGS + RFO (G < 0.05)
137315449,EON,188.20890517870686,MD,BFGS + RFO (G < 0.05)
137315449,EON,172.8740197781257,opt,BFGS + RFO (G < 0.05)
137344360,EON,188.13864273548526,MD,CG + RFO (G < 0.10)
137344360,EON,175.11993241989944,opt,CG + RFO (G < 0.10)
137326238,EON,175.44775597847251,opt,BFGS + RFO (G < 0.15)
137326238,EON,188.24536628976554,MD,BFGS + RFO (G < 0.15)
137335462,EPI,184.89647117924346,opt,CG + RFO (G < 0.10)
137335462,EPI,200.5874143160047,MD,CG + RFO (G < 0.10)
139604794,EPI,184.89642470548299,opt,BFGS + RFO (G < 0.05)
137337778,EPI,200.3275333465918,MD,BFGS + RFO (G < 0.15)
137337778,EPI,186.1625266892263,opt,BFGS + RFO (G < 0.15)
137371783,ERI,187.80177968727656,MD,CG + RFO (G < 0.10)
137331383,ERI,190.2172476881851,MD,BFGS + RFO (G < 0.15)
137371783,ERI,172.747713338307,opt,CG + RFO (G < 0.10)
137331383,ERI,174.99738586811188,opt,BFGS + RFO (G < 0.15)
137315351,ERI,179.3410010549777,opt,BFGS + RFO (G < 0.05)
137315351,ERI,191.85423638577046,MD,BFGS + RFO (G < 0.05)
137336946,ESV,169.95233583566304,opt,BFGS + RFO (G < 0.05)
137336946,ESV,179.07889952223877,MD,BFGS + RFO (G < 0.05)
137342774,ESV,169.95233583566304,opt,BFGS + RFO (G < 0.15)
137346159,ESV,172.78783287872537,MD,Lower + RFO
137346159,ESV,169.95233583566304,opt,Lower + RFO
137342774,ESV,179.3150373680354,MD,BFGS + RFO (G < 0.15)
137327798,ESV,169.95233583566304,opt,CG + RFO (G < 0.10)
137327798,ESV,179.39578347841808,MD,CG + RFO (G < 0.10)
137343289,ETL,205.146119658183,MD,CG + RFO (G < 0.10)
137343289,ETL,193.63080028368168,opt,CG + RFO (G < 0.10)
137322063,ETL,204.51010868569534,MD,BFGS + RFO (G < 0.05)
137322063,ETL,189.24915510135165,opt,BFGS + RFO (G < 0.05)
137372299,ETL,204.50569620403203,MD,Lower + RFO
137372299,ETL,189.2491552219583,opt,Lower + RFO
137320251,ETR,107.94968658043176,opt,CG + RFO (G < 0.10)
137320251,ETR,123.04084845735883,MD,CG + RFO (G < 0.10)
137343268,ETR,107.94967733392231,opt,Lower + RFO
137343268,ETR,123.04132069390863,MD,Lower + RFO
137356507,ETR,123.04083939073884,MD,BFGS + RFO (G < 0.05)
137356507,ETR,107.94968647992623,opt,BFGS + RFO (G < 0.05)
137330007,ETR,123.04087486252251,MD,BFGS + RFO (G < 0.15)
137330007,ETR,107.94968660053286,opt,BFGS + RFO (G < 0.15)
137367865,EUO,204.46119519494917,MD,BFGS + RFO (G < 0.15)
137367865,EUO,190.6620471625863,opt,BFGS + RFO (G < 0.15)
137351358,EUO,202.99354061471212,MD,CG + RFO (G < 0.10)
137351358,EUO,192.68795764438303,opt,CG + RFO (G < 0.10)
137355032,EUO,190.72477232673194,opt,BFGS + RFO (G < 0.05)
137355032,EUO,203.5335988189023,MD,BFGS + RFO (G < 0.05)
137320345,EUO,203.77524630959599,MD,Lower + RFO
137320345,EUO,190.2590767319274,opt,Lower + RFO
137361854,EWS,168.2125295486234,MD,BFGS + RFO (G < 0.05)
137331557,EWS,153.14039573629915,opt,BFGS + RFO (G < 0.15)
137331557,EWS,166.31719062156145,MD,BFGS + RFO (G < 0.15)
137361854,EWS,153.8777695160893,opt,BFGS + RFO (G < 0.05)
137369002,EWS,167.4458994412004,MD,Lower + RFO
137369002,EWS,153.2300864557132,opt,Lower + RFO
137366943,EWS,165.77417819434748,MD,CG + RFO (G < 0.10)
137366943,EWS,150.93790406362558,opt,CG + RFO (G < 0.10)
137347240,EWT,124.19915191582432,opt,CG + RFO (G < 0.10)
137347240,EWT,139.30418698225998,MD,CG + RFO (G < 0.10)
137321277,EWT,143.19556776996197,MD,BFGS + RFO (G < 0.15)
137321277,EWT,130.62884469222476,opt,BFGS + RFO (G < 0.15)
137334548,EWT,142.48277638786737,MD,Lower + RFO
137349589,EWT,140.4483683771854,MD,BFGS + RFO (G < 0.05)
137349589,EWT,127.9136791580627,opt,BFGS + RFO (G < 0.05)
137334548,EWT,127.9136791580627,opt,Lower + RFO
137364010,EZT,136.19682074060495,opt,Lower + RFO
137337822,EZT,136.19690785880476,opt,BFGS + RFO (G < 0.05)
137337822,EZT,151.3521543917006,MD,BFGS + RFO (G < 0.05)
137364010,EZT,151.36218027029807,MD,Lower + RFO
137369435,FAR,205.25122675529295,opt,Lower + RFO
137363715,FAR,205.27583270473022,opt,BFGS + RFO (G < 0.05)
137363715,FAR,209.84259004221875,MD,BFGS + RFO (G < 0.05)
137369435,FAR,207.20537369562413,MD,Lower + RFO
137360211,FAR,207.47402934276548,MD,BFGS + RFO (G < 0.15)
137360211,FAR,204.14179206231216,opt,BFGS + RFO (G < 0.15)
137317011,FAU,123.2043187158963,opt,BFGS + RFO (G < 0.05)
137317011,FAU,138.3374891339953,MD,BFGS + RFO (G < 0.05)
137346684,FAU,123.2043187158963,opt,CG + RFO (G < 0.10)
137346684,FAU,138.3374908107474,MD,CG + RFO (G < 0.10)
137355245,FAU,138.3374888297829,MD,Lower + RFO
137355245,FAU,123.2043187158963,opt,Lower + RFO
137363293,FER,215.14913719694528,MD,CG + RFO (G < 0.10)
137363293,FER,201.39171065177268,opt,CG + RFO (G < 0.10)
139604763,FER,201.3917339422559,opt,BFGS + RFO (G < 0.05)
137343980,FRA,197.3737250518191,MD,BFGS + RFO (G < 0.15)
137343980,FRA,182.91051717922232,opt,BFGS + RFO (G < 0.15)
137354302,FRA,197.37380998357696,MD,BFGS + RFO (G < 0.05)
137354302,FRA,182.91051717922232,opt,BFGS + RFO (G < 0.05)
137367785,FRA,197.372511778317,MD,Lower + RFO
137367785,FRA,182.91051730786938,opt,Lower + RFO
137321237,FRA,196.6375941872094,MD,CG + RFO (G < 0.10)
137321237,FRA,181.28963470903278,opt,CG + RFO (G < 0.10)
137373439,GIS,186.80253129740777,opt,CG + RFO (G < 0.10)
137360124,GIS,186.80252991043136,opt,BFGS + RFO (G < 0.15)
137328361,GIS,202.24913533771618,MD,Lower + RFO
137360124,GIS,201.93094752009463,MD,BFGS + RFO (G < 0.15)
137328361,GIS,187.02849303257932,opt,Lower + RFO
137373439,GIS,201.84563782652842,MD,CG + RFO (G < 0.10)
137317137,GIS,187.02849315318596,opt,BFGS + RFO (G < 0.05)
137317137,GIS,201.98751550530645,MD,BFGS + RFO (G < 0.05)
137343317,GIU,209.60048233142987,MD,Lower + RFO
137333635,GIU,206.6950826800333,MD,BFGS + RFO (G < 0.05)
137346675,GIU,203.83543586946453,MD,CG + RFO (G < 0.10)
137333635,GIU,194.4735927570693,opt,BFGS + RFO (G < 0.05)
137343317,GIU,194.47359379227635,opt,Lower + RFO
137346675,GIU,194.48207139415018,opt,CG + RFO (G < 0.10)
137326978,GIU,194.4735927570693,opt,BFGS + RFO (G < 0.15)
137326978,GIU,199.85511812424022,MD,BFGS + RFO (G < 0.15)
137343875,GME,185.03687008021254,MD,Lower + RFO
137369087,GME,170.03801182118517,opt,BFGS + RFO (G < 0.05)
137369087,GME,185.04860520966133,MD,BFGS + RFO (G < 0.05)
137343875,GME,170.03801190158958,opt,Lower + RFO
137322204,GME,185.05057250744687,MD,CG + RFO (G < 0.10)
137322204,GME,170.03801182118517,opt,CG + RFO (G < 0.10)
137345180,GME,184.99917187126553,MD,BFGS + RFO (G < 0.15)
137345180,GME,170.03801182118517,opt,BFGS + RFO (G < 0.15)
137323893,GON,155.40177839742427,opt,BFGS + RFO (G < 0.05)
137323893,GON,156.92932397470778,MD,BFGS + RFO (G < 0.05)
137325090,GON,152.00702695229742,MD,Lower + RFO
137325090,GON,156.00105388033282,opt,Lower + RFO
137331687,GOO,146.9244206113319,opt,BFGS + RFO (G < 0.05)
137350298,GOO,146.9244206113319,opt,CG + RFO (G < 0.10)
137350298,GOO,162.19120773829002,MD,CG + RFO (G < 0.10)
137331687,GOO,162.12938941726674,MD,BFGS + RFO (G < 0.05)
137362111,GOO,162.12938941726674,MD,BFGS + RFO (G < 0.15)
137362111,GOO,146.9244206113319,opt,BFGS + RFO (G < 0.15)
137350475,HEU,159.14826726823998,opt,Lower + RFO
137350475,HEU,174.04492459697133,MD,Lower + RFO
137357967,HEU,159.14826726823998,opt,BFGS + RFO (G < 0.05)
137366906,HEU,158.15704038455215,opt,CG + RFO (G < 0.10)
137357967,HEU,173.8379059859834,MD,BFGS + RFO (G < 0.05)
137366906,HEU,173.0932174967289,MD,CG + RFO (G < 0.10)
137324599,IFO,128.43421191268726,opt,Lower + RFO
137324599,IFO,143.53331965574642,MD,Lower + RFO
137366696,IFO,128.43421200314222,opt,BFGS + RFO (G < 0.15)
137366696,IFO,143.5295923424446,MD,BFGS + RFO (G < 0.15)
137364741,IFO,143.54709134577573,MD,CG + RFO (G < 0.10)
137364741,IFO,128.43421197299057,opt,CG + RFO (G < 0.10)
137334353,IFO,143.0329104201629,MD,BFGS + RFO (G < 0.05)
137334353,IFO,127.92383257251551,opt,BFGS + RFO (G < 0.05)
137349358,IFR,150.279552967148,MD,CG + RFO (G < 0.10)
137349358,IFR,135.20896298008913,opt,CG + RFO (G < 0.10)
137351593,IFR,150.2775691082445,MD,Lower + RFO
137350699,IFR,150.27901595108864,MD,BFGS + RFO (G < 0.15)
137337415,IFR,135.20896298008913,opt,BFGS + RFO (G < 0.05)
137337415,IFR,150.28155942924457,MD,BFGS + RFO (G < 0.05)
137350699,IFR,135.20896298008913,opt,BFGS + RFO (G < 0.15)
137351593,IFR,135.20896294993744,opt,Lower + RFO
137358664,IFT,128.74676606603046,opt,CG + RFO (G < 0.10)
137358664,IFT,143.88661777632964,MD,CG + RFO (G < 0.10)
137360958,IFT,145.9695037359403,MD,BFGS + RFO (G < 0.15)
137360958,IFT,130.92548215630296,opt,BFGS + RFO (G < 0.15)
137319339,IFT,144.7576097226227,MD,BFGS + RFO (G < 0.05)
137319339,IFT,129.6858947690955,opt,BFGS + RFO (G < 0.05)
137342886,IFT,129.99884774999782,opt,Lower + RFO
137342886,IFT,145.0699537674717,MD,Lower + RFO
139599308,IFU,126.12234112067411,opt,BFGS + RFO (G < 0.15)
137368901,IFU,125.61752245057495,opt,CG + RFO (G < 0.10)
137368901,IFU,140.71722047891566,MD,CG + RFO (G < 0.10)
137357829,IFU,126.38632974178599,opt,Lower + RFO
137357829,IFU,141.66969130880977,MD,Lower + RFO
139621156,IFU,125.6060637400733,opt,BFGS + RFO (G < 0.05)
137333550,IFW,187.53449716758615,MD,BFGS + RFO (G < 0.05)
137333550,IFW,173.12331875132833,opt,BFGS + RFO (G < 0.05)
137338645,IFW,186.6947454811729,MD,BFGS + RFO (G < 0.15)
137338645,IFW,174.26861359174694,opt,BFGS + RFO (G < 0.15)
137367643,IFW,186.7424944204181,MD,Lower + RFO
137367643,IFW,175.18727396820495,opt,Lower + RFO
137317616,IFY,146.49381602380362,opt,CG + RFO (G < 0.10)
137317616,IFY,160.98971895378327,MD,CG + RFO (G < 0.10)
137373417,IFY,148.20492072689092,opt,BFGS + RFO (G < 0.15)
137373417,IFY,161.1062980675696,MD,BFGS + RFO (G < 0.15)
137315613,IFY,160.94106008361595,MD,BFGS + RFO (G < 0.05)
137315613,IFY,146.59249995859923,opt,BFGS + RFO (G < 0.05)
137325971,IHW,165.72857047831445,opt,BFGS + RFO (G < 0.05)
137325971,IHW,180.33187976396243,MD,BFGS + RFO (G < 0.05)
137339170,IHW,180.00285269188487,MD,CG + RFO (G < 0.10)
137339170,IHW,165.81638699344057,opt,CG + RFO (G < 0.10)
137338330,IRN,193.52044483910583,MD,CG + RFO (G < 0.10)
137338330,IRN,179.02334651639592,opt,CG + RFO (G < 0.10)
137315805,IRN,193.44179556098015,MD,BFGS + RFO (G < 0.05)
137315805,IRN,180.1120557984633,opt,BFGS + RFO (G < 0.05)
137354095,IRN,180.08284575003879,opt,Lower + RFO
137361840,IRN,181.1101848967246,opt,BFGS + RFO (G < 0.15)
137361840,IRN,194.6820499332738,MD,BFGS + RFO (G < 0.15)
137354095,IRN,194.92805160887852,MD,Lower + RFO
137320795,IRR,136.90184244995038,MD,Lower + RFO
139612238,IRR,123.08514273724063,opt,BFGS + RFO (G < 0.05)
137320795,IRR,123.09229434018157,opt,Lower + RFO
137328422,IRR,136.85635117587248,MD,BFGS + RFO (G < 0.15)
137328422,IRR,123.07748705418891,opt,BFGS + RFO (G < 0.15)
137371244,IRR,137.54116260346402,MD,CG + RFO (G < 0.10)
137371244,IRR,122.46637711847605,opt,CG + RFO (G < 0.10)
137361250,IRY,116.91550468215752,opt,Lower + RFO
137361250,IRY,131.97273006648754,MD,Lower + RFO
137354478,IRY,116.91550477025281,opt,CG + RFO (G < 0.10)
137354478,IRY,131.97269554760592,MD,CG + RFO (G < 0.10)
137359927,IRY,116.91550473249771,opt,BFGS + RFO (G < 0.05)
137359927,IRY,131.97262335545597,MD,BFGS + RFO (G < 0.05)
137322550,ISV,164.68255689576534,opt,BFGS + RFO (G < 0.15)
137322550,ISV,179.8329263963007,MD,BFGS + RFO (G < 0.15)
137328645,ISV,182.39829416083032,MD,Lower + RFO
137328645,ISV,170.8994036801317,opt,Lower + RFO
137336941,ISV,165.29986830338896,opt,CG + RFO (G < 0.10)
137336941,ISV,180.46056270375217,MD,CG + RFO (G < 0.10)
137319761,ISV,163.84250681479497,opt,BFGS + RFO (G < 0.05)
137319761,ISV,179.2062122731087,MD,BFGS + RFO (G < 0.05)
137362523,ITE,166.8677912148943,opt,BFGS + RFO (G < 0.05)
137362523,ITE,181.6874218119987,MD,BFGS + RFO (G < 0.05)
137361037,ITE,180.9787788230596,MD,Lower + RFO
137373192,ITE,181.56483522142278,MD,BFGS + RFO (G < 0.15)
137373192,ITE,166.539032305558,opt,BFGS + RFO (G < 0.15)
137361037,ITE,165.78323190587747,opt,Lower + RFO
137353446,ITE,180.97866052445218,MD,CG + RFO (G < 0.10)
137353446,ITE,165.78314200869957,opt,CG + RFO (G < 0.10)
137344037,ITG,174.24880511124246,MD,BFGS + RFO (G < 0.15)
137344037,ITG,159.06832770996655,opt,BFGS + RFO (G < 0.15)
137356446,ITG,174.8464174505705,MD,CG + RFO (G < 0.10)
137356446,ITG,159.67363846998896,opt,CG + RFO (G < 0.10)
137350366,ITG,161.2419199428957,opt,BFGS + RFO (G < 0.05)
137350366,ITG,174.149723681342,MD,BFGS + RFO (G < 0.05)
137348918,ITG,161.2419606562531,opt,Lower + RFO
137348918,ITG,173.97265440398084,MD,Lower + RFO
139588997,ITH,164.31605511470536,opt,Lower + RFO
137352008,ITH,163.94988412321314,opt,CG + RFO (G < 0.10)
137352008,ITH,179.26589243152856,MD,CG + RFO (G < 0.10)
137358295,ITH,179.0102101055688,MD,BFGS + RFO (G < 0.05)
137358295,ITH,163.949884019836,opt,BFGS + RFO (G < 0.05)
137355265,ITH,163.17766071024522,opt,BFGS + RFO (G < 0.15)
137355265,ITH,177.87251890809895,MD,BFGS + RFO (G < 0.15)
137338557,ITN,160.3942324780769,opt,BFGS + RFO (G < 0.05)
137338557,ITN,174.4784669626221,MD,BFGS + RFO (G < 0.05)
137340474,ITN,173.9907527870323,MD,Lower + RFO
137340474,ITN,160.39422727497308,opt,Lower + RFO
137347595,ITR,167.53609011754398,opt,Lower + RFO
137347595,ITR,180.74423705541545,MD,Lower + RFO
137331139,ITR,167.36071657248814,opt,BFGS + RFO (G < 0.05)
137331139,ITR,180.80161480543805,MD,BFGS + RFO (G < 0.05)
137369288,ITT,139.7714302195073,opt,BFGS + RFO (G < 0.05)
137369288,ITT,153.60590607920676,MD,BFGS + RFO (G < 0.05)
137363002,ITT,138.81244036865058,opt,BFGS + RFO (G < 0.15)
137363002,ITT,153.6157256351747,MD,BFGS + RFO (G < 0.15)
137315709,ITT,154.05229719263878,MD,CG + RFO (G < 0.10)
137315709,ITT,139.30284957667138,opt,CG + RFO (G < 0.10)
137353626,ITT,153.6833326490529,MD,Lower + RFO
137353626,ITT,138.8013879337684,opt,Lower + RFO
137368231,ITW,171.52366642258943,opt,BFGS + RFO (G < 0.15)
137343335,ITW,171.52366634218498,opt,BFGS + RFO (G < 0.05)
137343335,ITW,186.6478162613891,MD,BFGS + RFO (G < 0.05)
137368231,ITW,186.6171468102554,MD,BFGS + RFO (G < 0.15)
137371785,ITW,186.651781435353,MD,Lower + RFO
137371785,ITW,171.5220989382288,opt,Lower + RFO
137355893,IWR,170.9764721880296,MD,CG + RFO (G < 0.10)
137368555,IWR,156.1362306908693,opt,BFGS + RFO (G < 0.15)
137355893,IWR,155.81796632996634,opt,CG + RFO (G < 0.10)
137368555,IWR,169.37140863216302,MD,BFGS + RFO (G < 0.15)
137317961,IWR,152.58412687147066,opt,BFGS + RFO (G < 0.05)
137369705,IWR,166.7201070409559,MD,Lower + RFO
137369705,IWR,153.60736722305617,opt,Lower + RFO
137317961,IWR,166.7196635021359,MD,BFGS + RFO (G < 0.05)
137345083,IWS,169.84931720077938,MD,BFGS + RFO (G < 0.15)
137363537,IWS,169.74409488961868,MD,BFGS + RFO (G < 0.05)
137363537,IWS,154.79051261868926,opt,BFGS + RFO (G < 0.05)
137345083,IWS,154.9053732791776,opt,BFGS + RFO (G < 0.15)
137344397,IWV,179.89082801013043,MD,CG + RFO (G < 0.10)
139621159,IWV,171.56127254141595,opt,BFGS + RFO (G < 0.05)
137344397,IWV,167.94437194604816,opt,CG + RFO (G < 0.10)
137351504,IWV,168.71017294001325,opt,Lower + RFO
137351504,IWV,181.1722591325016,MD,Lower + RFO
137322326,IWW,175.22042346447085,MD,BFGS + RFO (G < 0.15)
137322326,IWW,160.02245967012232,opt,BFGS + RFO (G < 0.15)
137369977,IWW,158.98576440678067,opt,CG + RFO (G < 0.10)
137345214,IWW,160.46276379292547,opt,Lower + RFO
137345214,IWW,174.9771892665982,MD,Lower + RFO
137369983,IWW,174.9694340219106,MD,BFGS + RFO (G < 0.05)
137369983,IWW,160.4627615013992,opt,BFGS + RFO (G < 0.05)
137369977,IWW,174.20373421225992,MD,CG + RFO (G < 0.10)
137369031,JBW,197.29361015034908,opt,Lower + RFO
137369031,JBW,212.07518160908202,MD,Lower + RFO
137367847,JNT,136.35955129073767,MD,Lower + RFO
137367847,JNT,121.21957789811546,opt,Lower + RFO
137337300,JNT,121.21957756644719,opt,BFGS + RFO (G < 0.15)
137337300,JNT,136.3530389000395,MD,BFGS + RFO (G < 0.15)
137322516,JNT,121.21957819963207,opt,BFGS + RFO (G < 0.05)
137330259,JNT,121.21958772755703,opt,CG + RFO (G < 0.10)
137330259,JNT,136.34113470197363,MD,CG + RFO (G < 0.10)
137322516,JNT,136.35602766093356,MD,BFGS + RFO (G < 0.05)
137338586,JOZ,138.53021014973496,opt,CG + RFO (G < 0.10)
137338586,JOZ,151.3383727233114,MD,CG + RFO (G < 0.10)
137355717,JOZ,138.5302105839189,opt,BFGS + RFO (G < 0.05)
137327621,JOZ,138.5302105839189,opt,Lower + RFO
137355717,JOZ,151.3507923276488,MD,BFGS + RFO (G < 0.05)
137327621,JOZ,151.35051275991336,MD,Lower + RFO
137348707,JOZ,138.5302103427056,opt,BFGS + RFO (G < 0.15)
137348707,JOZ,151.33973315639696,MD,BFGS + RFO (G < 0.15)
137347140,JRY,184.6963798508031,opt,CG + RFO (G < 0.10)
137350734,JRY,184.66512186484303,opt,BFGS + RFO (G < 0.15)
137347140,JRY,188.89947922918233,MD,CG + RFO (G < 0.10)
137350734,JRY,188.7318050949628,MD,BFGS + RFO (G < 0.15)
137314969,JRY,184.58297925199224,opt,Lower + RFO
137314969,JRY,188.99588236755,MD,Lower + RFO
137326057,JRY,189.6923523154385,MD,BFGS + RFO (G < 0.05)
137326057,JRY,184.66512214625854,opt,BFGS + RFO (G < 0.05)
137350875,JSN,162.35394552691966,MD,Lower + RFO
137350875,JSN,147.27768866030027,opt,Lower + RFO
137326521,JSN,147.27768835878365,opt,BFGS + RFO (G < 0.05)
137326521,JSN,162.52259662760497,MD,BFGS + RFO (G < 0.05)
137329575,JSN,162.43936371271735,MD,BFGS + RFO (G < 0.15)
137329575,JSN,147.27768805726706,opt,BFGS + RFO (G < 0.15)
137318615,JSN,147.27769022818666,opt,CG + RFO (G < 0.10)
137318615,JSN,162.35999479810135,MD,CG + RFO (G < 0.10)
137360766,JSR,104.85018855543204,MD,BFGS + RFO (G < 0.05)
137360766,JSR,89.78309307853029,opt,BFGS + RFO (G < 0.05)
137338354,JSR,104.85018935716698,MD,CG + RFO (G < 0.10)
137338354,JSR,89.78309308858086,opt,CG + RFO (G < 0.10)
137341656,JSR,104.85016106282788,MD,BFGS + RFO (G < 0.15)
137341656,JSR,89.78309308858086,opt,BFGS + RFO (G < 0.15)
137342981,JST,83.99759148085549,MD,Lower + RFO
137342981,JST,68.99031804714436,opt,Lower + RFO
137356488,JST,68.99031798684103,opt,CG + RFO (G < 0.10)
137356488,JST,83.9970040808117,MD,CG + RFO (G < 0.10)
137329753,JST,68.99031786623439,opt,BFGS + RFO (G < 0.05)
137329705,JST,68.99031784613328,opt,BFGS + RFO (G < 0.15)
137329705,JST,83.99743178168477,MD,BFGS + RFO (G < 0.15)
137329753,JST,83.99754335000446,MD,BFGS + RFO (G < 0.05)
137320754,JSW,151.4672532209402,opt,BFGS + RFO (G < 0.05)
137318950,JSW,166.69239786581616,MD,Lower + RFO
137318950,JSW,151.4673202983358,opt,Lower + RFO
137320754,JSW,166.64064113044492,MD,BFGS + RFO (G < 0.05)
137329356,JSW,166.62833092644337,MD,BFGS + RFO (G < 0.15)
137329356,JSW,151.539714436894,opt,BFGS + RFO (G < 0.15)
137333214,KFI,165.6192226734067,opt,CG + RFO (G < 0.10)
137363038,KFI,180.87544075737466,MD,BFGS + RFO (G < 0.05)
137333214,KFI,180.87397908189737,MD,CG + RFO (G < 0.10)
137363038,KFI,165.61922264325509,opt,BFGS + RFO (G < 0.05)
137349900,KFI,180.87557976279578,MD,BFGS + RFO (G < 0.15)
137349900,KFI,165.61922264325509,opt,BFGS + RFO (G < 0.15)
137318905,KFI,165.61922263320454,opt,Lower + RFO
137318905,KFI,180.8802125370416,MD,Lower + RFO
137337296,LAU,135.72049482730827,opt,CG + RFO (G < 0.10)
137366793,LAU,150.7726734298844,MD,BFGS + RFO (G < 0.15)
137366793,LAU,135.7205139233604,opt,BFGS + RFO (G < 0.15)
137337296,LAU,150.75043924819397,MD,CG + RFO (G < 0.10)
137364498,LAU,135.72052469755394,opt,BFGS + RFO (G < 0.05)
137364498,LAU,150.74262661995726,MD,BFGS + RFO (G < 0.05)
137339918,LEV,194.9183927828318,MD,BFGS + RFO (G < 0.05)
137339918,LEV,183.83778511735596,opt,BFGS + RFO (G < 0.05)
137355321,LEV,183.83774177043443,opt,CG + RFO (G < 0.10)
137340220,LEV,183.79603436669657,opt,Lower + RFO
137340220,LEV,196.77422301213585,MD,Lower + RFO
137355321,LEV,195.08737263804852,MD,CG + RFO (G < 0.10)
137365207,LIO,178.1382492793168,opt,Lower + RFO
137327405,LIO,193.31197663757163,MD,BFGS + RFO (G < 0.05)
137327405,LIO,178.13824957413308,opt,BFGS + RFO (G < 0.05)
137330592,LIO,178.1382492793168,opt,BFGS + RFO (G < 0.15)
137330592,LIO,193.2814758237228,MD,BFGS + RFO (G < 0.15)
137365207,LIO,193.31198108392167,MD,Lower + RFO
137352865,LIT,122.19228440761464,opt,Lower + RFO
137352865,LIT,137.3543449724119,MD,Lower + RFO
137356194,LIT,137.35427444238263,MD,BFGS + RFO (G < 0.05)
137356194,LIT,122.19228417909676,opt,BFGS + RFO (G < 0.05)
137364793,LIT,137.35381603380503,MD,BFGS + RFO (G < 0.15)
137334234,LIT,137.35434694919027,MD,CG + RFO (G < 0.10)
137334234,LIT,122.19228417909676,opt,CG + RFO (G < 0.10)
137364793,LIT,122.19228448378722,opt,BFGS + RFO (G < 0.15)
137319544,LOS,191.4034997370621,opt,BFGS + RFO (G < 0.05)
137319544,LOS,206.51817281438454,MD,BFGS + RFO (G < 0.05)
137371977,LOS,206.49830916259944,MD,Lower + RFO
137371977,LOS,191.403499897871,opt,Lower + RFO
137372684,LOS,191.4034997370621,opt,CG + RFO (G < 0.10)
137372684,LOS,206.4982333095835,MD,CG + RFO (G < 0.10)
137323585,LOV,180.9790523417377,MD,BFGS + RFO (G < 0.15)
137323585,LOV,171.67484532419752,opt,BFGS + RFO (G < 0.15)
137333055,LOV,165.29975298501046,opt,Lower + RFO
137333055,LOV,180.2770806973023,MD,Lower + RFO
137325808,LOV,180.2629490763528,MD,BFGS + RFO (G < 0.05)
137325808,LOV,165.29975250258394,opt,BFGS + RFO (G < 0.05)
137360188,LTA,192.07655619816637,MD,CG + RFO (G < 0.10)
137337992,LTA,177.06098611785652,opt,Lower + RFO
137351995,LTA,177.07050322840212,opt,BFGS + RFO (G < 0.05)
137351995,LTA,192.09787833378164,MD,BFGS + RFO (G < 0.05)
137337992,LTA,192.08955753518424,MD,Lower + RFO
137360188,LTA,177.0609863590698,opt,CG + RFO (G < 0.10)
137318987,LTF,166.19933359517628,opt,Lower + RFO
137318987,LTF,180.56227175728358,MD,Lower + RFO
137357134,LTF,165.15579645598598,opt,BFGS + RFO (G < 0.15)
137357134,LTF,180.38901543559066,MD,BFGS + RFO (G < 0.15)
137359750,LTF,180.48523129683412,MD,CG + RFO (G < 0.10)
137333310,LTF,165.15579645598598,opt,BFGS + RFO (G < 0.05)
137333310,LTF,180.38901543559066,MD,BFGS + RFO (G < 0.05)
137359750,LTF,165.0526728789214,opt,CG + RFO (G < 0.10)
137351122,LTJ,185.22890646119345,MD,CG + RFO (G < 0.10)
137357448,LTJ,180.76788700662067,opt,Lower + RFO
137343368,LTJ,185.22714074410513,MD,BFGS + RFO (G < 0.15)
137343368,LTJ,180.76788730813726,opt,BFGS + RFO (G < 0.15)
137351122,LTJ,180.7678868257107,opt,CG + RFO (G < 0.10)
137357448,LTJ,185.23541994570422,MD,Lower + RFO
137346982,LTJ,180.7678868257107,opt,BFGS + RFO (G < 0.05)
137346982,LTJ,185.2277249368535,MD,BFGS + RFO (G < 0.05)
137354204,LTL,147.19295047502717,MD,CG + RFO (G < 0.10)
137354204,LTL,132.09630647809504,opt,CG + RFO (G < 0.10)
137323195,LTL,146.35025218815542,MD,BFGS + RFO (G < 0.05)
137323195,LTL,131.2204904781748,opt,BFGS + RFO (G < 0.05)
137346587,LTL,146.33191877509506,MD,BFGS + RFO (G < 0.15)
137334978,LTL,132.09630647809504,opt,Lower + RFO
137334978,LTL,147.22484309384524,MD,Lower + RFO
137346587,LTL,131.22048951332167,opt,BFGS + RFO (G < 0.15)
137371318,MAR,219.1666204254814,MD,BFGS + RFO (G < 0.05)
137371318,MAR,204.01638666861086,opt,BFGS + RFO (G < 0.05)
137336214,MAR,204.01638697682787,opt,CG + RFO (G < 0.10)
137336214,MAR,219.18670917756012,MD,CG + RFO (G < 0.10)
137352643,MAZ,179.9418999674987,MD,CG + RFO (G < 0.10)
137326381,MAZ,165.5642716058753,opt,Lower + RFO
137352643,MAZ,164.5805569616746,opt,CG + RFO (G < 0.10)
137326381,MAZ,179.94083403030942,MD,Lower + RFO
137361737,MAZ,179.958960551438,MD,BFGS + RFO (G < 0.15)
137361737,MAZ,164.58055690807166,opt,BFGS + RFO (G < 0.15)
137364228,MAZ,164.58055690807166,opt,BFGS + RFO (G < 0.05)
137364228,MAZ,179.958960551438,MD,BFGS + RFO (G < 0.05)
137334044,MEI,161.55541398444117,MD,BFGS + RFO (G < 0.05)
137334044,MEI,146.5362877069887,opt,BFGS + RFO (G < 0.05)
137355646,MEI,146.53315956791434,opt,CG + RFO (G < 0.10)
137353265,MEI,146.5169257148742,opt,BFGS + RFO (G < 0.15)
137355646,MEI,161.53734263895396,MD,CG + RFO (G < 0.10)
137353265,MEI,161.567781804181,MD,BFGS + RFO (G < 0.15)
137316229,MEL,192.56799756832865,MD,BFGS + RFO (G < 0.05)
137351365,MEL,179.9044886601516,opt,Lower + RFO
137351365,MEL,194.2135327646625,MD,Lower + RFO
137322114,MEL,193.82069256033893,MD,BFGS + RFO (G < 0.15)
137322114,MEL,179.85631610483256,opt,BFGS + RFO (G < 0.15)
137316229,MEL,179.84326216422514,opt,BFGS + RFO (G < 0.05)
137362053,MEP,296.5782024709263,opt,BFGS + RFO (G < 0.15)
137327820,MEP,245.5113386244603,MD,BFGS + RFO (G < 0.05)
137362053,MEP,245.5113386244603,MD,BFGS + RFO (G < 0.15)
137327820,MEP,296.5782024709263,opt,BFGS + RFO (G < 0.05)
137370033,MEP,246.20876802555694,MD,CG + RFO (G < 0.10)
137369934,MEP,244.78116636793357,MD,Lower + RFO
137370033,MEP,234.28556655866763,opt,CG + RFO (G < 0.10)
137369934,MEP,235.07710161322987,opt,Lower + RFO
137347733,MER,186.34097369976004,MD,BFGS + RFO (G < 0.15)
137347733,MER,171.24483164892555,opt,BFGS + RFO (G < 0.15)
137348995,MER,186.32257724483387,MD,Lower + RFO
137348995,MER,171.24482588995824,opt,Lower + RFO
137316446,MER,171.2448635493831,opt,BFGS + RFO (G < 0.05)
137316446,MER,186.34067712994568,MD,BFGS + RFO (G < 0.05)
137325771,MFI,174.4130027106497,MD,Lower + RFO
137318125,MFI,161.19941670105632,opt,BFGS + RFO (G < 0.05)
137325771,MFI,161.46167009126816,opt,Lower + RFO
137318125,MFI,174.41019375936483,MD,BFGS + RFO (G < 0.05)
137362459,MFI,159.20197408391928,opt,BFGS + RFO (G < 0.15)
137362459,MFI,174.4090663286236,MD,BFGS + RFO (G < 0.15)
137325889,MFS,188.4341703727329,opt,BFGS + RFO (G < 0.15)
137321156,MFS,200.818574258289,MD,Lower + RFO
137321156,MFS,185.54841494071312,opt,Lower + RFO
137325889,MFS,198.90866829014305,MD,BFGS + RFO (G < 0.15)
137338730,MFS,199.01812113390116,MD,CG + RFO (G < 0.10)
137338730,MFS,187.839853042394,opt,CG + RFO (G < 0.10)
137340401,MFS,200.7408145643637,MD,BFGS + RFO (G < 0.05)
137340401,MFS,185.5484148335072,opt,BFGS + RFO (G < 0.05)
137337015,MON,216.90422083782062,MD,Lower + RFO
137337015,MON,202.27927249933094,opt,Lower + RFO
137320861,MON,216.84672912676962,MD,CG + RFO (G < 0.10)
139635969,MON,213.0958817322825,opt,BFGS + RFO (G < 0.05)
137320861,MON,209.1898785096667,opt,CG + RFO (G < 0.10)
137323197,MOR,202.8190631637938,MD,BFGS + RFO (G < 0.05)
137320009,MOR,202.28074364375559,MD,BFGS + RFO (G < 0.15)
137320009,MOR,189.77517424889922,opt,BFGS + RFO (G < 0.15)
137323197,MOR,187.28092776548178,opt,BFGS + RFO (G < 0.05)
137331314,MOZ,157.50729172958884,MD,BFGS + RFO (G < 0.05)
137324634,MOZ,158.30886559420992,MD,Lower + RFO
137324634,MOZ,143.94897402772423,opt,Lower + RFO
137354725,MOZ,157.5839974281102,MD,BFGS + RFO (G < 0.15)
137354725,MOZ,143.33550656884148,opt,BFGS + RFO (G < 0.15)
137331314,MOZ,143.48538271320746,opt,BFGS + RFO (G < 0.05)
137324687,MRE,168.28130347426313,opt,CG + RFO (G < 0.10)
137327148,MRE,183.59035035134787,MD,BFGS + RFO (G < 0.05)
137327148,MRE,168.18940267828484,opt,BFGS + RFO (G < 0.05)
137324687,MRE,182.32501212892765,MD,CG + RFO (G < 0.10)
137373383,MRE,183.17401235766286,MD,Lower + RFO
137373383,MRE,168.1894018541394,opt,Lower + RFO
137342975,MRT,175.60041950767624,opt,BFGS + RFO (G < 0.15)
137342975,MRT,190.7537992999592,MD,BFGS + RFO (G < 0.15)
137343891,MRT,176.4887095580548,opt,Lower + RFO
137316060,MRT,191.06890790960577,MD,BFGS + RFO (G < 0.05)
137316060,MRT,176.48861524365856,opt,BFGS + RFO (G < 0.05)
137343891,MRT,190.81958385950347,MD,Lower + RFO
137331324,MSE,168.97307451046098,opt,CG + RFO (G < 0.10)
137342398,MSE,162.79211905106803,opt,BFGS + RFO (G < 0.05)
137342398,MSE,178.0329838557988,MD,BFGS + RFO (G < 0.05)
137353812,MSE,164.21061923513966,opt,BFGS + RFO (G < 0.15)
137353812,MSE,178.2891128383228,MD,BFGS + RFO (G < 0.15)
137331324,MSE,178.7895020563361,MD,CG + RFO (G < 0.10)
137344761,MSE,178.03249526018797,MD,Lower + RFO
137344761,MSE,162.79211904245327,opt,Lower + RFO
137325415,MSO,175.9997871661189,MD,CG + RFO (G < 0.10)
137325415,MSO,160.69182522703218,opt,CG + RFO (G < 0.10)
137320955,MSO,160.69182522703218,opt,BFGS + RFO (G < 0.15)
137320955,MSO,176.04080241124535,MD,BFGS + RFO (G < 0.15)
137367652,MSO,176.0200784693839,MD,Lower + RFO
137367652,MSO,160.69182546288516,opt,Lower + RFO
137319160,MSO,176.01648285742624,MD,BFGS + RFO (G < 0.05)
137319160,MSO,160.69182525919396,opt,BFGS + RFO (G < 0.05)
137333309,MTF,185.55368381773945,MD,CG + RFO (G < 0.10)
137333309,MTF,177.96674333622585,opt,CG + RFO (G < 0.10)
137335827,MTF,180.1389929274288,opt,BFGS + RFO (G < 0.05)
137327704,MTF,186.7798635490394,MD,Lower + RFO
137348860,MTF,186.77274342931454,MD,BFGS + RFO (G < 0.15)
137348860,MTF,180.13900351888506,opt,BFGS + RFO (G < 0.15)
137327704,MTF,180.13901150085215,opt,Lower + RFO
137335827,MTF,186.92257318721343,MD,BFGS + RFO (G < 0.05)
137316154,MTN,262.67338137736675,opt,Lower + RFO
137316154,MTN,273.40309241721064,MD,Lower + RFO
137331216,MTT,200.1367438775242,opt,Lower + RFO
137331216,MTT,212.25132296723862,MD,Lower + RFO
137372065,MTT,212.13466061532105,MD,CG + RFO (G < 0.10)
137372065,MTT,199.10301150019436,opt,CG + RFO (G < 0.10)
139584415,MTT,194.8063159163661,opt,BFGS + RFO (G < 0.15)
137326290,MTT,212.03432644510724,MD,BFGS + RFO (G < 0.05)
137326290,MTT,303.4879167052427,opt,BFGS + RFO (G < 0.05)
137333154,MTW,190.3726773134877,MD,CG + RFO (G < 0.10)
137333154,MTW,179.99171135697554,opt,CG + RFO (G < 0.10)
137361017,MTW,190.38486278606817,MD,BFGS + RFO (G < 0.15)
137361017,MTW,179.99171139143456,opt,BFGS + RFO (G < 0.15)
137337290,MTW,181.30735517917142,opt,BFGS + RFO (G < 0.05)
137337290,MTW,190.3761156424343,MD,BFGS + RFO (G < 0.05)
137341696,MWW,175.65229506556233,opt,Lower + RFO
137359936,MWW,189.66680118963518,MD,BFGS + RFO (G < 0.15)
137359936,MWW,175.05581488286097,opt,BFGS + RFO (G < 0.15)
137341696,MWW,190.35107697875839,MD,Lower + RFO
137368759,MWW,189.66680118963518,MD,BFGS + RFO (G < 0.05)
137321147,MWW,175.07456906872363,opt,CG + RFO (G < 0.10)
137321147,MWW,189.6779910542124,MD,CG + RFO (G < 0.10)
137368759,MWW,175.05581488286097,opt,BFGS + RFO (G < 0.05)
137368527,NAB,147.84959418984005,opt,BFGS + RFO (G < 0.15)
137368527,NAB,162.74899939227308,MD,BFGS + RFO (G < 0.15)
137319407,NAB,162.8105607300093,MD,CG + RFO (G < 0.10)
137319407,NAB,147.84959418984005,opt,CG + RFO (G < 0.10)
137337025,NAB,147.849594479296,opt,BFGS + RFO (G < 0.05)
137373244,NAB,162.84136099017365,MD,Lower + RFO
137373244,NAB,147.84959418984005,opt,Lower + RFO
137337025,NAB,162.79776766865712,MD,BFGS + RFO (G < 0.05)
139604823,NAT,173.0857823241523,opt,BFGS + RFO (G < 0.05)
137320833,NAT,188.13170644242444,MD,CG + RFO (G < 0.10)
137320833,NAT,181.04972106049996,opt,CG + RFO (G < 0.10)
137330151,NAT,173.08575058048336,opt,Lower + RFO
137330151,NAT,188.14513954500055,MD,Lower + RFO
137354714,NES,192.8312883628321,opt,CG + RFO (G < 0.10)
137354714,NES,204.47658796597776,MD,CG + RFO (G < 0.10)
137355864,NES,204.90544604935988,MD,BFGS + RFO (G < 0.05)
137355864,NES,190.56648973546595,opt,BFGS + RFO (G < 0.05)
137347926,NES,204.40111132120728,MD,BFGS + RFO (G < 0.15)
137315929,NES,190.56022980364529,opt,Lower + RFO
137315929,NES,204.79654894231655,MD,Lower + RFO
137347926,NES,193.54517271502712,opt,BFGS + RFO (G < 0.15)
139594682,NON,227.70651571498195,opt,Lower + RFO
137350006,NON,230.41320787581228,opt,BFGS + RFO (G < 0.15)
137321201,NON,241.33214671438174,MD,BFGS + RFO (G < 0.05)
137321201,NON,230.8217726433421,opt,BFGS + RFO (G < 0.05)
137350006,NON,243.67009320647193,MD,BFGS + RFO (G < 0.15)
137318906,NON,227.7090053321657,opt,CG + RFO (G < 0.10)
137318906,NON,242.26352969985206,MD,CG + RFO (G < 0.10)
137356047,NPO,62.39379433358623,opt,BFGS + RFO (G < 0.15)
137356047,NPO,77.14122828650386,MD,BFGS + RFO (G < 0.15)
137368386,NPO,77.14122828650386,MD,BFGS + RFO (G < 0.05)
137368386,NPO,62.39379433358623,opt,BFGS + RFO (G < 0.05)
137337698,NPO,62.393792886306485,opt,Lower + RFO
137337698,NPO,77.17391836518013,MD,Lower + RFO
137336701,NPO,77.02719621450942,MD,CG + RFO (G < 0.10)
137336701,NPO,62.36128505368605,opt,CG + RFO (G < 0.10)
137361931,NPT,149.72532223641062,MD,BFGS + RFO (G < 0.15)
137361931,NPT,134.65690671727552,opt,BFGS + RFO (G < 0.15)
137340667,NPT,149.68514907048544,MD,Lower + RFO
137340667,NPT,134.6568978191853,opt,Lower + RFO
137369231,NPT,149.72532223641062,MD,BFGS + RFO (G < 0.05)
137369231,NPT,134.65690671727552,opt,BFGS + RFO (G < 0.05)
137344398,NPT,149.72784163900417,MD,CG + RFO (G < 0.10)
137344398,NPT,134.65690328668651,opt,CG + RFO (G < 0.10)
137338465,NSI,231.24737685612868,MD,BFGS + RFO (G < 0.15)
137338465,NSI,222.24811201010388,opt,BFGS + RFO (G < 0.15)
137330198,NSI,219.47425888054622,opt,CG + RFO (G < 0.10)
137330198,NSI,234.9354739879389,MD,CG + RFO (G < 0.10)
139587240,NSI,219.47425888054622,opt,BFGS + RFO (G < 0.05)
137316730,OBW,134.58204414517513,MD,BFGS + RFO (G < 0.05)
137316730,OBW,119.62023531395376,opt,BFGS + RFO (G < 0.05)
137323133,OBW,119.61927633878211,opt,BFGS + RFO (G < 0.15)
137356363,OBW,119.62025640107343,opt,CG + RFO (G < 0.10)
137356363,OBW,134.5948451270886,MD,CG + RFO (G < 0.10)
137323133,OBW,134.5776957039232,MD,BFGS + RFO (G < 0.15)
137355100,OBW,119.61963318210559,opt,Lower + RFO
137355100,OBW,134.58065308476301,MD,Lower + RFO
137370680,OFF,170.60503838713822,opt,BFGS + RFO (G < 0.05)
137321116,OFF,170.6050350101522,opt,BFGS + RFO (G < 0.15)
137341867,OFF,170.60515068532533,opt,Lower + RFO
137321116,OFF,185.1546960105424,MD,BFGS + RFO (G < 0.15)
137341867,OFF,185.28225086832046,MD,Lower + RFO
137370680,OFF,185.05219623298692,MD,BFGS + RFO (G < 0.05)
137342643,OFF,170.6050165171333,opt,CG + RFO (G < 0.10)
137342643,OFF,185.11597980084068,MD,CG + RFO (G < 0.10)
137329179,OKO,168.62306802065433,opt,Lower + RFO
137329179,OKO,180.45512075057846,MD,Lower + RFO
137349980,OKO,168.6230857853037,opt,BFGS + RFO (G < 0.05)
137362875,OKO,169.07451759201734,opt,BFGS + RFO (G < 0.15)
137362875,OKO,182.2362832706985,MD,BFGS + RFO (G < 0.15)
137333975,OKO,180.9107225338004,MD,CG + RFO (G < 0.10)
137333975,OKO,169.1896139746457,opt,CG + RFO (G < 0.10)
137349980,OKO,181.24219037307358,MD,BFGS + RFO (G < 0.05)
137364439,OSI,188.41826459755353,opt,BFGS + RFO (G < 0.05)
137359372,OSI,205.22774318924914,MD,CG + RFO (G < 0.10)
137359372,OSI,192.82450646318892,opt,CG + RFO (G < 0.10)
137364439,OSI,201.88384728543934,MD,BFGS + RFO (G < 0.05)
137367812,OSI,201.88384728543934,MD,BFGS + RFO (G < 0.15)
137367812,OSI,188.41826459755353,opt,BFGS + RFO (G < 0.15)
137347360,OSI,206.7844077942255,MD,Lower + RFO
137347360,OSI,191.06125423088122,opt,Lower + RFO
137358841,OSO,114.83227610974892,MD,BFGS + RFO (G < 0.15)
137321818,OSO,114.83227610974892,MD,BFGS + RFO (G < 0.05)
137358841,OSO,100.56945501925601,opt,BFGS + RFO (G < 0.15)
137321818,OSO,100.56945501925601,opt,BFGS + RFO (G < 0.05)
137371012,OSO,114.95937489263004,MD,CG + RFO (G < 0.10)
137371012,OSO,100.56945459043237,opt,CG + RFO (G < 0.10)
137351107,OWE,177.68714994767973,opt,BFGS + RFO (G < 0.05)
137351107,OWE,193.42717410185583,MD,BFGS + RFO (G < 0.05)
137346881,OWE,193.24474161122464,MD,BFGS + RFO (G < 0.15)
137346881,OWE,177.68715067131956,opt,BFGS + RFO (G < 0.15)
137330096,PAR,102.04991728590035,opt,BFGS + RFO (G < 0.15)
137358584,PAR,113.22364849076988,MD,CG + RFO (G < 0.10)
137358584,PAR,104.31045679602202,opt,CG + RFO (G < 0.10)
137330096,PAR,117.2373541270121,MD,BFGS + RFO (G < 0.15)
137318352,PAR,102.04992223559707,opt,BFGS + RFO (G < 0.05)
137318352,PAR,117.26354813170782,MD,BFGS + RFO (G < 0.05)
137330221,PCR,179.93644111525344,opt,BFGS + RFO (G < 0.05)
137330221,PCR,192.20351960318197,MD,BFGS + RFO (G < 0.05)
137341384,PCR,193.93294571317136,MD,Lower + RFO
137341015,PCR,192.7826279907192,MD,BFGS + RFO (G < 0.15)
137341015,PCR,181.08583737961015,opt,BFGS + RFO (G < 0.15)
137341384,PCR,180.77637697067559,opt,Lower + RFO
137367394,PCR,189.49724280439932,MD,CG + RFO (G < 0.10)
137367394,PCR,179.3846629492516,opt,CG + RFO (G < 0.10)
137350706,PCS,182.41592021149614,MD,BFGS + RFO (G < 0.05)
137350706,PCS,170.4234232093922,opt,BFGS + RFO (G < 0.05)
137327329,PCS,181.94418780825765,MD,Lower + RFO
137327329,PCS,172.3695221255208,opt,Lower + RFO
137340574,PCS,170.68310032106385,opt,CG + RFO (G < 0.10)
137340574,PCS,182.1526712284999,MD,CG + RFO (G < 0.10)
137317607,PHI,188.0055606091627,MD,BFGS + RFO (G < 0.05)
137348367,PHI,187.45781333419117,MD,BFGS + RFO (G < 0.15)
137345572,PHI,175.43063839797867,opt,CG + RFO (G < 0.10)
137345572,PHI,187.80107888695574,MD,CG + RFO (G < 0.10)
137348367,PHI,175.43063830752368,opt,BFGS + RFO (G < 0.15)
137317607,PHI,175.43063857888865,opt,BFGS + RFO (G < 0.05)
137330069,PHI,175.43063830752368,opt,Lower + RFO
137330069,PHI,186.98254706933741,MD,Lower + RFO
137330206,PON,163.83609422455993,MD,Lower + RFO
137336836,PON,161.6764900639838,opt,BFGS + RFO (G < 0.05)
137330206,PON,161.67669951752364,opt,Lower + RFO
137336836,PON,170.1165540249152,MD,BFGS + RFO (G < 0.05)
137317545,PON,163.80445186084893,MD,BFGS + RFO (G < 0.15)
137341661,PON,161.67670004015244,opt,CG + RFO (G < 0.10)
137317545,PON,148.67586290027026,opt,BFGS + RFO (G < 0.15)
137341661,PON,165.1693161592953,MD,CG + RFO (G < 0.10)
137332503,POR,174.65445360591914,opt,BFGS + RFO (G < 0.15)
137332503,POR,187.45590088461987,MD,BFGS + RFO (G < 0.15)
137336741,POR,187.46859279485403,MD,Lower + RFO
137366167,POR,187.6016311462034,MD,CG + RFO (G < 0.10)
137366167,POR,172.70263369851727,opt,CG + RFO (G < 0.10)
137336741,POR,174.65445360591914,opt,Lower + RFO
137329339,POR,187.43648120545774,MD,BFGS + RFO (G < 0.05)
137329339,POR,173.38608610675712,opt,BFGS + RFO (G < 0.05)
137356567,POS,176.82231661093306,MD,BFGS + RFO (G < 0.05)
137356567,POS,161.65755586097808,opt,BFGS + RFO (G < 0.05)
137336813,POS,174.62833442591585,MD,BFGS + RFO (G < 0.15)
137355353,POS,161.0328725983268,opt,CG + RFO (G < 0.10)
137355353,POS,174.63134790047096,MD,CG + RFO (G < 0.10)
137336813,POS,159.9554750324865,opt,BFGS + RFO (G < 0.15)
137358509,POS,176.8468475562909,MD,Lower + RFO
137358509,POS,161.76730793792348,opt,Lower + RFO
137330677,PSI,150.1170024065134,opt,CG + RFO (G < 0.10)
137326289,PSI,151.79004797423104,opt,BFGS + RFO (G < 0.05)
137336418,PSI,162.49698732799882,MD,Lower + RFO
137336418,PSI,151.79003230876793,opt,Lower + RFO
137330677,PSI,162.32942169741258,MD,CG + RFO (G < 0.10)
137326289,PSI,162.53559228088048,MD,BFGS + RFO (G < 0.05)
137317668,PUN,143.09514517404,MD,BFGS + RFO (G < 0.05)
137317668,PUN,127.92782411977998,opt,BFGS + RFO (G < 0.05)
137315473,PUN,143.17954878766213,MD,BFGS + RFO (G < 0.15)
137315473,PUN,127.92782414658146,opt,BFGS + RFO (G < 0.15)
137342451,PUN,127.92782414658146,opt,CG + RFO (G < 0.10)
137342451,PUN,143.1229885722139,MD,CG + RFO (G < 0.10)
137329607,PUN,143.1397358371831,MD,Lower + RFO
137329607,PUN,128.12351360050036,opt,Lower + RFO
137367041,PWO,154.9804826649277,opt,BFGS + RFO (G < 0.05)
137318979,PWO,169.50741132845803,MD,CG + RFO (G < 0.10)
137318979,PWO,155.26701505920235,opt,CG + RFO (G < 0.10)
137367041,PWO,169.6098017290865,MD,BFGS + RFO (G < 0.05)
137364169,PWO,169.52721077602314,MD,Lower + RFO
137363054,PWO,154.98044879858188,opt,BFGS + RFO (G < 0.15)
137364169,PWO,154.9804829543837,opt,Lower + RFO
137363054,PWO,170.08432557848343,MD,BFGS + RFO (G < 0.15)
137369276,PWW,153.13580152366083,opt,BFGS + RFO (G < 0.05)
137369276,PWW,168.20304976504946,MD,BFGS + RFO (G < 0.05)
137345377,PWW,153.1358016683888,opt,CG + RFO (G < 0.10)
137345377,PWW,168.21453687679568,MD,CG + RFO (G < 0.10)
137356121,PWW,168.2491020226204,MD,Lower + RFO
137356121,PWW,153.26479546814772,opt,Lower + RFO
137356299,PWW,168.18596113694258,MD,BFGS + RFO (G < 0.15)
137356299,PWW,153.2647931283788,opt,BFGS + RFO (G < 0.15)
137350800,RHO,185.4720031525299,MD,CG + RFO (G < 0.10)
137346955,RHO,170.30279160903893,opt,Lower + RFO
137346955,RHO,182.69205990227874,MD,Lower + RFO
137350800,RHO,170.30279160903893,opt,CG + RFO (G < 0.10)
137316000,RHO,170.30279160903893,opt,BFGS + RFO (G < 0.15)
137316000,RHO,185.46477789276642,MD,BFGS + RFO (G < 0.15)
137370798,RHO,170.30279160903893,opt,BFGS + RFO (G < 0.05)
137370798,RHO,185.4720031525299,MD,BFGS + RFO (G < 0.05)
137340426,RON,128.66242785670636,MD,BFGS + RFO (G < 0.15)
137340426,RON,113.4713644863538,opt,BFGS + RFO (G < 0.15)
137334742,RON,116.93234346334961,opt,Lower + RFO
137334742,RON,131.35133881718758,MD,Lower + RFO
137369928,RON,113.4713644863538,opt,BFGS + RFO (G < 0.05)
137369928,RON,128.66242785670636,MD,BFGS + RFO (G < 0.05)
137315140,RON,131.55068881343956,MD,CG + RFO (G < 0.10)
137315140,RON,116.88565646228727,opt,CG + RFO (G < 0.10)
137337795,RRO,181.43643716988242,MD,CG + RFO (G < 0.10)
137337795,RRO,169.45181641032372,opt,CG + RFO (G < 0.10)
137344676,RRO,182.24608530413965,MD,BFGS + RFO (G < 0.05)
137344676,RRO,171.72819478908858,opt,BFGS + RFO (G < 0.05)
137369403,RRO,182.2071531402518,MD,Lower + RFO
137369403,RRO,171.7282087258564,opt,Lower + RFO
137336737,RRO,169.9859852771805,opt,BFGS + RFO (G < 0.15)
137336737,RRO,181.43665970390768,MD,BFGS + RFO (G < 0.15)
137331300,RSN,183.6446238667994,MD,Lower + RFO
137331300,RSN,172.93318392521692,opt,Lower + RFO
137331338,RSN,173.5432548150989,opt,BFGS + RFO (G < 0.15)
137331338,RSN,183.67538073894505,MD,BFGS + RFO (G < 0.15)
137358493,RSN,185.76177903043995,MD,CG + RFO (G < 0.10)
137358493,RSN,174.14670871521753,opt,CG + RFO (G < 0.10)
137333253,RSN,174.12783275684575,opt,BFGS + RFO (G < 0.05)
137333253,RSN,183.66867183355143,MD,BFGS + RFO (G < 0.05)
137354133,RTE,182.14890832834985,opt,BFGS + RFO (G < 0.05)
137354133,RTE,192.88000642866695,MD,BFGS + RFO (G < 0.05)
137350696,RTE,182.14878768150282,opt,Lower + RFO
137350467,RTE,182.14889228766611,opt,BFGS + RFO (G < 0.15)
137350467,RTE,193.44002667937812,MD,BFGS + RFO (G < 0.15)
137338004,RTE,182.14888384520094,opt,CG + RFO (G < 0.10)
137338004,RTE,193.0562710428922,MD,CG + RFO (G < 0.10)
137350696,RTE,192.9284641936842,MD,Lower + RFO
137358645,RTH,174.6033947074519,opt,Lower + RFO
137360456,RTH,184.23160242198765,MD,BFGS + RFO (G < 0.15)
137371815,RTH,189.20199466741659,MD,BFGS + RFO (G < 0.05)
137371815,RTH,174.6033946471486,opt,BFGS + RFO (G < 0.05)
137360456,RTH,169.06548591907867,opt,BFGS + RFO (G < 0.15)
137358645,RTH,186.2408398816633,MD,Lower + RFO
137348654,RUT,184.60885130010237,MD,BFGS + RFO (G < 0.15)
137318718,RUT,184.62116298856313,MD,BFGS + RFO (G < 0.05)
137348654,RUT,169.42738469345727,opt,BFGS + RFO (G < 0.15)
137318718,RUT,170.74150963002722,opt,BFGS + RFO (G < 0.05)
137317748,RUT,171.81030529377037,opt,Lower + RFO
137317748,RUT,185.57852417600094,MD,Lower + RFO
137355064,RWR,189.084243575394,opt,CG + RFO (G < 0.10)
137355064,RWR,202.65798368297797,MD,CG + RFO (G < 0.10)
137361992,RWR,187.75669379258153,opt,BFGS + RFO (G < 0.05)
137361992,RWR,202.67998205448305,MD,BFGS + RFO (G < 0.05)
137343687,RWR,187.73458707701113,opt,Lower + RFO
137343687,RWR,202.72546221184518,MD,Lower + RFO
137326966,RWY,63.66350766219676,opt,Lower + RFO
137326966,RWY,78.74245257037093,MD,Lower + RFO
137355316,RWY,78.742284891566,MD,CG + RFO (G < 0.10)
137321897,RWY,63.66350766219676,opt,BFGS + RFO (G < 0.05)
137355316,RWY,63.66350778280341,opt,CG + RFO (G < 0.10)
137321897,RWY,78.74235140377166,MD,BFGS + RFO (G < 0.05)
137315653,RWY,78.7423327160025,MD,BFGS + RFO (G < 0.15)
137315653,RWY,63.66350768229786,opt,BFGS + RFO (G < 0.15)
137319741,SAF,163.35017735347338,MD,BFGS + RFO (G < 0.05)
137319741,SAF,148.0465941930837,opt,BFGS + RFO (G < 0.05)
137341735,SAF,163.33996566280038,MD,Lower + RFO
137341735,SAF,148.40159529923494,opt,Lower + RFO
137354016,SAF,162.81085257325176,MD,CG + RFO (G < 0.10)
137354016,SAF,147.57891744461313,opt,CG + RFO (G < 0.10)
137322663,SAO,145.44159110024668,MD,Lower + RFO
137322663,SAO,130.36776364789623,opt,Lower + RFO
137344892,SAO,130.3677636134372,opt,CG + RFO (G < 0.10)
137370815,SAO,130.3677636134372,opt,BFGS + RFO (G < 0.15)
137370815,SAO,145.44158931628334,MD,BFGS + RFO (G < 0.15)
137333707,SAO,130.3677637168143,opt,BFGS + RFO (G < 0.05)
137333707,SAO,145.44161722557865,MD,BFGS + RFO (G < 0.05)
137344892,SAO,145.4416032665419,MD,CG + RFO (G < 0.10)
137334924,SAS,201.34576570954064,MD,CG + RFO (G < 0.10)
137345000,SAS,199.57892848068266,MD,Lower + RFO
137334924,SAS,188.51992815971187,opt,CG + RFO (G < 0.10)
137345000,SAS,188.5199279184986,opt,Lower + RFO
137368949,SAS,188.5199279184986,opt,BFGS + RFO (G < 0.05)
137368949,SAS,202.89290569122406,MD,BFGS + RFO (G < 0.05)
137348158,SAT,173.12341647788762,opt,BFGS + RFO (G < 0.15)
137348158,SAT,186.74122698887675,MD,BFGS + RFO (G < 0.15)
137344489,SAT,187.78337454475763,MD,CG + RFO (G < 0.10)
137358197,SAT,186.5859784379115,MD,BFGS + RFO (G < 0.05)
137315032,SAT,187.78241038458825,MD,Lower + RFO
137344489,SAT,173.1235085945628,opt,CG + RFO (G < 0.10)
137315032,SAT,173.12350852755912,opt,Lower + RFO
137358197,SAT,173.1234530887047,opt,BFGS + RFO (G < 0.05)
137364982,SAV,169.36195999748082,opt,CG + RFO (G < 0.10)
137364982,SAV,184.50582062532715,MD,CG + RFO (G < 0.10)
137332057,SAV,169.1502537466158,opt,BFGS + RFO (G < 0.15)
137332057,SAV,184.53379348350813,MD,BFGS + RFO (G < 0.15)
137358291,SAV,169.2578285620549,opt,Lower + RFO
137330401,SAV,169.15033330679918,opt,BFGS + RFO (G < 0.05)
137330401,SAV,184.5217985536636,MD,BFGS + RFO (G < 0.05)
137358291,SAV,184.53481932472403,MD,Lower + RFO
137373012,SBE,153.08206777630528,MD,BFGS + RFO (G < 0.05)
137373012,SBE,137.96442883264893,opt,BFGS + RFO (G < 0.05)
137320626,SBE,137.96443015178411,opt,Lower + RFO
137320626,SBE,153.08168309903746,MD,Lower + RFO
137373293,SBN,182.78668256959236,MD,CG + RFO (G < 0.10)
137373293,SBN,167.77481989756865,opt,CG + RFO (G < 0.10)
139586851,SBN,167.7748184502889,opt,BFGS + RFO (G < 0.05)
137323218,SBS,140.2426890533107,MD,BFGS + RFO (G < 0.15)
137328955,SBS,125.09776464538135,opt,BFGS + RFO (G < 0.05)
137328955,SBS,140.24270307987453,MD,BFGS + RFO (G < 0.05)
137323218,SBS,125.09776467553299,opt,BFGS + RFO (G < 0.15)
137368428,SBS,140.24270405114146,MD,CG + RFO (G < 0.10)
137368428,SBS,125.09776472578578,opt,CG + RFO (G < 0.10)
137329924,SBS,140.2426923596517,MD,Lower + RFO
137329924,SBS,125.09776472578578,opt,Lower + RFO
137370024,SBT,125.74168680195031,opt,Lower + RFO
137321319,SBT,140.88604717543072,MD,CG + RFO (G < 0.10)
137321319,SBT,125.74166302234015,opt,CG + RFO (G < 0.10)
137341808,SBT,140.8861804163918,MD,BFGS + RFO (G < 0.05)
137341808,SBT,125.74168680195031,opt,BFGS + RFO (G < 0.05)
137335678,SBT,125.7416867818492,opt,BFGS + RFO (G < 0.15)
137335678,SBT,140.88614330216586,MD,BFGS + RFO (G < 0.15)
137320495,SEW,173.0877960089988,MD,BFGS + RFO (G < 0.05)
137355182,SEW,159.22972919424285,opt,CG + RFO (G < 0.10)
137320495,SEW,158.18760037600163,opt,BFGS + RFO (G < 0.05)
137349175,SEW,158.46035244947066,opt,BFGS + RFO (G < 0.15)
137349175,SEW,173.3781255970041,MD,BFGS + RFO (G < 0.15)
137355182,SEW,173.34070941934954,MD,CG + RFO (G < 0.10)
137369158,SFE,183.54624848435165,opt,Lower + RFO
137369158,SFE,191.84070740555813,MD,Lower + RFO
137322807,SFE,181.59248886028104,opt,BFGS + RFO (G < 0.05)
137322807,SFE,189.49346552409978,MD,BFGS + RFO (G < 0.05)
137340859,SFE,181.59248886028104,opt,BFGS + RFO (G < 0.15)
137340859,SFE,189.49346552409978,MD,BFGS + RFO (G < 0.15)
137363253,SFF,172.31913214056368,MD,CG + RFO (G < 0.10)
137363253,SFF,157.22289407972124,opt,CG + RFO (G < 0.10)
137347767,SFF,172.7480519546096,MD,BFGS + RFO (G < 0.05)
137371980,SFF,159.3769314097007,opt,BFGS + RFO (G < 0.15)
137347767,SFF,157.48929413744386,opt,BFGS + RFO (G < 0.05)
137314978,SFF,157.48930291157728,opt,Lower + RFO
137314978,SFF,172.73409001887507,MD,Lower + RFO
137371980,SFF,172.418592633844,MD,BFGS + RFO (G < 0.15)
137330570,SFG,186.85943365441608,MD,Lower + RFO
137330570,SFG,177.46255492537756,opt,Lower + RFO
137367461,SFG,174.7897434916462,opt,CG + RFO (G < 0.10)
137367461,SFG,187.72850469531502,MD,CG + RFO (G < 0.10)
137334899,SFG,186.41685402061586,MD,BFGS + RFO (G < 0.05)
137338128,SFG,187.32028162738285,MD,BFGS + RFO (G < 0.15)
137338128,SFG,175.9230545616522,opt,BFGS + RFO (G < 0.15)
137334899,SFG,176.49138437765654,opt,BFGS + RFO (G < 0.05)
137364761,SFH,166.79658086070677,opt,CG + RFO (G < 0.10)
137364761,SFH,181.97539258380905,MD,CG + RFO (G < 0.10)
137344980,SFH,166.79644437921232,opt,BFGS + RFO (G < 0.05)
137344980,SFH,181.96569957330058,MD,BFGS + RFO (G < 0.05)
137345374,SFH,184.91608711312693,MD,Lower + RFO
137345374,SFH,172.38500028481565,opt,Lower + RFO
137339868,SFH,166.79645432926054,opt,BFGS + RFO (G < 0.15)
137339868,SFH,181.9751548077182,MD,BFGS + RFO (G < 0.15)
137343628,SFN,167.09748732376133,opt,BFGS + RFO (G < 0.05)
137357301,SFN,169.30607368237187,opt,Lower + RFO
137357301,SFN,190.06522391609496,MD,Lower + RFO
137328239,SFN,182.22211942079957,MD,BFGS + RFO (G < 0.15)
137328239,SFN,167.09748729360965,opt,BFGS + RFO (G < 0.15)
137343628,SFN,182.21051339087037,MD,BFGS + RFO (G < 0.05)
137357424,SFN,188.05348066312933,MD,CG + RFO (G < 0.10)
137357424,SFN,172.8374624748895,opt,CG + RFO (G < 0.10)
137346501,SFO,141.8355634078751,opt,Lower + RFO
137322020,SFO,141.83556313651013,opt,BFGS + RFO (G < 0.15)
137322020,SFO,156.9469381124111,MD,BFGS + RFO (G < 0.15)
137323785,SFO,141.83556337772342,opt,BFGS + RFO (G < 0.05)
137323785,SFO,156.9463429817945,MD,BFGS + RFO (G < 0.05)
137346501,SFO,156.94683450972883,MD,Lower + RFO
137343786,SFO,141.83556319681347,opt,CG + RFO (G < 0.10)
137343786,SFO,156.95653820047,MD,CG + RFO (G < 0.10)
137357480,SFS,177.99530208832667,MD,BFGS + RFO (G < 0.15)
137330622,SFS,163.3498599142535,opt,CG + RFO (G < 0.10)
137330622,SFS,178.55706137426824,MD,CG + RFO (G < 0.10)
137357480,SFS,162.77064905243466,opt,BFGS + RFO (G < 0.15)
137355712,SFS,178.54638522488546,MD,Lower + RFO
137352836,SFS,178.29492021639203,MD,BFGS + RFO (G < 0.05)
137352836,SFS,163.01092924293926,opt,BFGS + RFO (G < 0.05)
137355712,SFS,163.3058105426086,opt,Lower + RFO
137335180,SFW,187.05093163397305,MD,CG + RFO (G < 0.10)
137364635,SFW,187.05225764165638,MD,Lower + RFO
137364635,SFW,171.80758560499567,opt,Lower + RFO
137335180,SFW,171.78582269876742,opt,CG + RFO (G < 0.10)
137324649,SFW,171.80755941995298,opt,BFGS + RFO (G < 0.05)
137355983,SFW,187.07337809040388,MD,BFGS + RFO (G < 0.15)
137324649,SFW,187.02847272131444,MD,BFGS + RFO (G < 0.05)
137355983,SFW,171.87264267851793,opt,BFGS + RFO (G < 0.15)
137321571,SGT,201.38816363406633,MD,BFGS + RFO (G < 0.05)
137321571,SGT,190.94679446954075,opt,BFGS + RFO (G < 0.05)
137367386,SIV,191.59850018332978,MD,Lower + RFO
137367386,SIV,179.67471369966523,opt,Lower + RFO
137362042,SIV,189.78185477386532,MD,CG + RFO (G < 0.10)
137362042,SIV,174.55363572247848,opt,CG + RFO (G < 0.10)
137363194,SIV,190.38399554972128,MD,BFGS + RFO (G < 0.15)
137359689,SIV,189.7779203063444,MD,BFGS + RFO (G < 0.05)
137359689,SIV,179.46354827412202,opt,BFGS + RFO (G < 0.05)
137363194,SIV,179.61195805219015,opt,BFGS + RFO (G < 0.15)
137316473,SOD,200.4839018632084,opt,Lower + RFO
137316473,SOD,215.43050651741422,MD,Lower + RFO
137339951,SOD,215.4742713683023,MD,BFGS + RFO (G < 0.15)
137339951,SOD,200.4839019436128,opt,BFGS + RFO (G < 0.15)
137322922,SOD,215.47447517673947,MD,CG + RFO (G < 0.10)
137322922,SOD,200.4839018632084,opt,CG + RFO (G < 0.10)
137350101,SOD,200.4839019436128,opt,BFGS + RFO (G < 0.05)
137350101,SOD,215.4742713683023,MD,BFGS + RFO (G < 0.05)
137367697,SOF,165.04548185897903,MD,BFGS + RFO (G < 0.15)
137367697,SOF,149.94079319045906,opt,BFGS + RFO (G < 0.15)
137369827,SOF,149.8079738444115,opt,BFGS + RFO (G < 0.05)
137369827,SOF,164.91637175046705,MD,BFGS + RFO (G < 0.05)
137317515,SOF,150.11214551528278,opt,CG + RFO (G < 0.10)
137317515,SOF,165.22048971372854,MD,CG + RFO (G < 0.10)
137370259,SOR,172.42058952173173,MD,Lower + RFO
137366514,SOR,157.1640578969392,opt,CG + RFO (G < 0.10)
137370259,SOR,157.16400452849885,opt,Lower + RFO
137366514,SOR,172.4922543405271,MD,CG + RFO (G < 0.10)
137357495,SOR,172.4893316390338,MD,BFGS + RFO (G < 0.05)
137343947,SOR,172.60495171436892,MD,BFGS + RFO (G < 0.15)
137343947,SOR,157.16521244424902,opt,BFGS + RFO (G < 0.15)
137357495,SOR,157.1642836524772,opt,BFGS + RFO (G < 0.05)
137356509,SOS,97.02761314832557,opt,BFGS + RFO (G < 0.05)
137323799,SOS,97.02761306792115,opt,CG + RFO (G < 0.10)
137323799,SOS,112.20157707404744,MD,CG + RFO (G < 0.10)
137356509,SOS,112.16266844868377,MD,BFGS + RFO (G < 0.05)
137344909,SOS,97.02761306792115,opt,Lower + RFO
137344909,SOS,112.25832218865249,MD,Lower + RFO
137339619,SOS,97.02761306792115,opt,BFGS + RFO (G < 0.15)
137339619,SOS,112.08909743088631,MD,BFGS + RFO (G < 0.15)
137340906,SOV,175.269204746264,MD,BFGS + RFO (G < 0.15)
137348040,SOV,174.5543769986619,MD,BFGS + RFO (G < 0.05)
137340906,SOV,159.9932511291872,opt,BFGS + RFO (G < 0.15)
137348040,SOV,159.36881107737312,opt,BFGS + RFO (G < 0.05)
137364102,SOV,174.09673565498778,MD,Lower + RFO
137364102,SOV,160.64923514792994,opt,Lower + RFO
137347108,SOV,160.06494705326472,opt,CG + RFO (G < 0.10)
137347108,SOV,175.24601949752773,MD,CG + RFO (G < 0.10)
137334103,SSF,186.803667417407,MD,BFGS + RFO (G < 0.15)
137334103,SSF,172.3654894843339,opt,BFGS + RFO (G < 0.15)
137364577,SSF,186.8056104814157,MD,BFGS + RFO (G < 0.05)
137364577,SSF,171.77601745001346,opt,BFGS + RFO (G < 0.05)
137330791,SSF,186.8190723382266,MD,Lower + RFO
137330791,SSF,190.26856804828518,opt,Lower + RFO
137329392,SSF,186.60188771619636,MD,CG + RFO (G < 0.10)
137329392,SSF,175.2297583244157,opt,CG + RFO (G < 0.10)
137357511,SSO,142.07682318343655,MD,CG + RFO (G < 0.10)
137357511,SSO,126.87882057455661,opt,CG + RFO (G < 0.10)
137350607,SSO,141.77471216732363,MD,BFGS + RFO (G < 0.05)
137350607,SSO,127.76386533869994,opt,BFGS + RFO (G < 0.05)
137360611,SSO,141.535132808192,MD,BFGS + RFO (G < 0.15)
137360611,SSO,127.31982006838699,opt,BFGS + RFO (G < 0.15)
137336024,SSY,177.06224859375556,opt,BFGS + RFO (G < 0.15)
137336024,SSY,191.31027146021344,MD,BFGS + RFO (G < 0.15)
137350128,SSY,177.0622485592965,opt,BFGS + RFO (G < 0.05)
137357265,SSY,191.25926344735393,MD,CG + RFO (G < 0.10)
137357265,SSY,177.0622487315917,opt,CG + RFO (G < 0.10)
137350128,SSY,191.4314715926968,MD,BFGS + RFO (G < 0.05)
137338591,SSY,191.3509003767216,MD,Lower + RFO
137338591,SSY,177.06224845591942,opt,Lower + RFO
137369171,STF,175.64597426561758,opt,CG + RFO (G < 0.10)
137369171,STF,190.14541485429535,MD,CG + RFO (G < 0.10)
137358881,STF,177.1971254211073,opt,Lower + RFO
137372967,STF,188.70478518629727,MD,BFGS + RFO (G < 0.05)
137358881,STF,187.68838851200212,MD,Lower + RFO
137360168,STF,174.76856849255873,opt,BFGS + RFO (G < 0.15)
137360168,STF,188.70478518629727,MD,BFGS + RFO (G < 0.15)
137372967,STF,174.76856849255873,opt,BFGS + RFO (G < 0.05)
137322146,STI,175.83369994082153,MD,BFGS + RFO (G < 0.15)
137322146,STI,161.35257764221498,opt,BFGS + RFO (G < 0.15)
137340672,STI,175.99621608768123,MD,BFGS + RFO (G < 0.05)
137340672,STI,160.94214043215922,opt,BFGS + RFO (G < 0.05)
137341542,STI,160.97434098585006,opt,CG + RFO (G < 0.10)
137341542,STI,175.83452339712028,MD,CG + RFO (G < 0.10)
137324362,STT,163.86201846734033,opt,Lower + RFO
137324362,STT,178.7981833833573,MD,Lower + RFO
137338849,STT,178.9676053548253,MD,BFGS + RFO (G < 0.05)
137338849,STT,163.862018407037,opt,BFGS + RFO (G < 0.05)
137336167,STT,178.59545227958623,MD,CG + RFO (G < 0.10)
137336167,STT,163.36757672240108,opt,CG + RFO (G < 0.10)
137357938,STT,178.73117186628437,MD,BFGS + RFO (G < 0.15)
137357938,STT,164.20092797864942,opt,BFGS + RFO (G < 0.15)
137351012,STW,151.03472046482938,opt,BFGS + RFO (G < 0.15)
137327699,STW,152.39659625759484,opt,BFGS + RFO (G < 0.05)
137327699,STW,166.56589696875835,MD,BFGS + RFO (G < 0.05)
137371461,STW,153.33446901829495,opt,Lower + RFO
137371461,STW,166.29956723895813,MD,Lower + RFO
137351012,STW,166.18230152985183,MD,BFGS + RFO (G < 0.15)
137366795,STW,151.15068015171332,opt,CG + RFO (G < 0.10)
137366795,STW,166.3042947337191,MD,CG + RFO (G < 0.10)
137336528,SVR,155.0540005559404,MD,CG + RFO (G < 0.10)
137338627,SVR,142.54895097990112,opt,BFGS + RFO (G < 0.05)
137338627,SVR,156.9533304245995,MD,BFGS + RFO (G < 0.05)
137336528,SVR,139.80143984434412,opt,CG + RFO (G < 0.10)
137369335,SVR,142.53041329353553,opt,Lower + RFO
137369335,SVR,157.1660472723447,MD,Lower + RFO
137324536,SVR,141.6177356566204,opt,BFGS + RFO (G < 0.15)
137324536,SVR,155.9765763842493,MD,BFGS + RFO (G < 0.15)
137352858,SVV,163.49950695066337,opt,BFGS + RFO (G < 0.15)
137352858,SVV,178.8251162823009,MD,BFGS + RFO (G < 0.15)
137318903,SVV,177.45822408041124,MD,BFGS + RFO (G < 0.05)
137316934,SVV,177.4629152644908,MD,CG + RFO (G < 0.10)
137316934,SVV,165.76657596669992,opt,CG + RFO (G < 0.10)
137318903,SVV,162.74898072478868,opt,BFGS + RFO (G < 0.05)
137333228,SVV,163.25405530229426,opt,Lower + RFO
137333228,SVV,178.14786960460856,MD,Lower + RFO
137324510,SWY,176.57845203782063,opt,BFGS + RFO (G < 0.05)
137334060,SWY,186.24811078268354,MD,CG + RFO (G < 0.10)
137334060,SWY,171.17160339146153,opt,CG + RFO (G < 0.10)
137324510,SWY,190.34790637137485,MD,BFGS + RFO (G < 0.05)
137357702,SWY,187.63341610940108,MD,BFGS + RFO (G < 0.15)
137357702,SWY,174.29292095478712,opt,BFGS + RFO (G < 0.15)
137367756,SWY,188.98260189117204,MD,Lower + RFO
137367756,SWY,186.4591454386491,opt,Lower + RFO
137359884,SZR,202.08057448546896,MD,CG + RFO (G < 0.10)
137359884,SZR,188.71818872953654,opt,CG + RFO (G < 0.10)
137349443,SZR,203.12306118188263,MD,BFGS + RFO (G < 0.05)
137349443,SZR,187.91986603671336,opt,BFGS + RFO (G < 0.05)
137333415,SZR,198.56903589590175,MD,Lower + RFO
137333415,SZR,185.271200889193,opt,Lower + RFO
137356573,SZR,187.919876810907,opt,BFGS + RFO (G < 0.15)
137356573,SZR,203.11057594590974,MD,BFGS + RFO (G < 0.15)
137352906,TER,172.1664274916182,opt,BFGS + RFO (G < 0.05)
137352906,TER,187.42801736116587,MD,BFGS + RFO (G < 0.05)
137363934,TER,172.1440080430177,opt,CG + RFO (G < 0.10)
137318496,TER,172.1664306153303,opt,Lower + RFO
137363934,TER,187.30470821970462,MD,CG + RFO (G < 0.10)
137358485,TER,172.95609378187646,opt,BFGS + RFO (G < 0.15)
137358485,TER,187.28823890311622,MD,BFGS + RFO (G < 0.15)
137318496,TER,187.42882331379238,MD,Lower + RFO
137362498,THO,194.18823113809665,MD,BFGS + RFO (G < 0.05)
137359556,THO,193.96322556242424,MD,Lower + RFO
137359556,THO,178.96881381082548,opt,Lower + RFO
137362498,THO,222.65926790979583,opt,BFGS + RFO (G < 0.05)
139607206,THO,182.02904716123373,opt,BFGS + RFO (G < 0.15)
137327723,THO,182.02904725771901,opt,CG + RFO (G < 0.10)
137327723,THO,194.04622768659715,MD,CG + RFO (G < 0.10)
139587288,TON,200.75075958294593,opt,BFGS + RFO (G < 0.05)
139601942,TON,200.7507952423106,opt,BFGS + RFO (G < 0.15)
137346135,TON,215.10959017171356,MD,CG + RFO (G < 0.10)
137346135,TON,200.75078302083725,opt,CG + RFO (G < 0.10)
137360400,TUN,159.10170627733518,opt,BFGS + RFO (G < 0.15)
137360400,TUN,173.8443031392069,MD,BFGS + RFO (G < 0.15)
137325567,TUN,172.98023594884953,MD,CG + RFO (G < 0.10)
137316735,TUN,173.61198725001248,MD,BFGS + RFO (G < 0.05)
137316735,TUN,159.10170918194518,opt,BFGS + RFO (G < 0.05)
137364984,TUN,159.1015556346105,opt,Lower + RFO
137364984,TUN,173.66280234491876,MD,Lower + RFO
137325567,TUN,158.75203755277175,opt,CG + RFO (G < 0.10)
137335229,UEI,170.95204363120712,opt,BFGS + RFO (G < 0.15)
137343272,UEI,186.45738179013557,MD,CG + RFO (G < 0.10)
137343272,UEI,172.24646079877672,opt,CG + RFO (G < 0.10)
137335229,UEI,186.1481842574226,MD,BFGS + RFO (G < 0.15)
137321793,UEI,185.95008857878642,MD,BFGS + RFO (G < 0.05)
137321793,UEI,170.95204359100492,opt,BFGS + RFO (G < 0.05)
137348761,UFI,178.92156317872985,opt,Lower + RFO
137357936,UFI,178.9316817596385,opt,CG + RFO (G < 0.10)
137357936,UFI,194.08135969585203,MD,CG + RFO (G < 0.10)
137348761,UFI,194.0452806892785,MD,Lower + RFO
137365221,UFI,194.08113642293029,MD,BFGS + RFO (G < 0.15)
137365221,UFI,182.27924576352146,opt,BFGS + RFO (G < 0.15)
137325002,UFI,194.03120407330115,MD,BFGS + RFO (G < 0.05)
137325002,UFI,183.4098314175368,opt,BFGS + RFO (G < 0.05)
137361950,UOE,169.71578270635823,opt,BFGS + RFO (G < 0.05)
137361950,UOE,184.49213809316856,MD,BFGS + RFO (G < 0.05)
137342430,UOE,184.5489568367682,MD,Lower + RFO
137355414,UOE,165.8910334668341,opt,CG + RFO (G < 0.10)
137355414,UOE,180.89226391680086,MD,CG + RFO (G < 0.10)
137342430,UOE,169.71578270635823,opt,Lower + RFO
137372576,UOS,181.96991174127982,MD,Lower + RFO
137345837,UOS,166.5890502128968,opt,BFGS + RFO (G < 0.15)
137345837,UOS,181.600663410483,MD,BFGS + RFO (G < 0.15)
137348007,UOS,181.6001188430838,MD,BFGS + RFO (G < 0.05)
137348007,UOS,166.5506147646941,opt,BFGS + RFO (G < 0.05)
137372576,UOS,166.95742033446453,opt,Lower + RFO
137343233,UOS,166.58905017269458,opt,CG + RFO (G < 0.10)
137343233,UOS,181.64515627603873,MD,CG + RFO (G < 0.10)
137317271,UOZ,127.049602616104,MD,BFGS + RFO (G < 0.15)
137317271,UOZ,111.89215333260728,opt,BFGS + RFO (G < 0.15)
137338848,UOZ,126.88686836246976,MD,CG + RFO (G < 0.10)
137366535,UOZ,111.89215333260728,opt,Lower + RFO
137339679,UOZ,127.049602616104,MD,BFGS + RFO (G < 0.05)
137338848,UOZ,111.72788302996788,opt,CG + RFO (G < 0.10)
137339679,UOZ,111.89215333260728,opt,BFGS + RFO (G < 0.05)
137366535,UOZ,126.8904185117202,MD,Lower + RFO
137318435,USI,129.39288157466353,opt,BFGS + RFO (G < 0.05)
137318435,USI,144.5069626813904,MD,BFGS + RFO (G < 0.05)
137331341,USI,129.39288157466353,opt,CG + RFO (G < 0.10)
137331341,USI,144.50613227482435,MD,CG + RFO (G < 0.10)
137345292,USI,144.51309483230548,MD,Lower + RFO
137345292,USI,129.39284331823583,opt,Lower + RFO
137340566,UTL,169.66289495107648,MD,CG + RFO (G < 0.10)
137340566,UTL,155.58709818318113,opt,CG + RFO (G < 0.10)
137338881,UTL,170.14269689628873,MD,BFGS + RFO (G < 0.05)
137338881,UTL,155.72998331283296,opt,BFGS + RFO (G < 0.05)
137323524,UTL,169.15262495466024,MD,BFGS + RFO (G < 0.15)
137323524,UTL,156.0629200252376,opt,BFGS + RFO (G < 0.15)
137336572,UWY,168.49799777876518,opt,BFGS + RFO (G < 0.15)
137336572,UWY,182.44212177603941,MD,BFGS + RFO (G < 0.15)
137372419,UWY,170.63877246235856,opt,BFGS + RFO (G < 0.05)
137359496,UWY,185.84613578615907,MD,Lower + RFO
137359496,UWY,170.33079953537688,opt,Lower + RFO
137372419,UWY,184.83514943760107,MD,BFGS + RFO (G < 0.05)
137339980,UWY,171.695231304564,opt,CG + RFO (G < 0.10)
137339980,UWY,184.8546622063379,MD,CG + RFO (G < 0.10)
137363441,VET,133.84888506194642,opt,BFGS + RFO (G < 0.05)
137363441,VET,148.94735608467602,MD,BFGS + RFO (G < 0.05)
137326400,VET,148.94622793042535,MD,BFGS + RFO (G < 0.15)
137326400,VET,133.84888517545858,opt,BFGS + RFO (G < 0.15)
137328824,VET,133.84888506194642,opt,CG + RFO (G < 0.10)
137328824,VET,148.94820341085529,MD,CG + RFO (G < 0.10)
137372280,VFI,179.99352082038226,opt,BFGS + RFO (G < 0.15)
137337362,VFI,184.84049067445187,MD,BFGS + RFO (G < 0.05)
137372280,VFI,184.29992678316538,MD,BFGS + RFO (G < 0.15)
137341273,VFI,188.8395099076573,MD,CG + RFO (G < 0.10)
137341273,VFI,183.00531172393184,opt,CG + RFO (G < 0.10)
137337362,VFI,179.99354001023954,opt,BFGS + RFO (G < 0.05)
137327985,VFI,179.9935162373298,opt,Lower + RFO
137327985,VFI,184.26809141128774,MD,Lower + RFO
137343722,VNI,168.25992895036995,MD,BFGS + RFO (G < 0.05)
137343722,VNI,154.10363397195124,opt,BFGS + RFO (G < 0.05)
137347252,VNI,168.28959033324432,MD,Lower + RFO
137347252,VNI,154.11556941457496,opt,Lower + RFO
139584424,VSV,175.53555330086976,opt,BFGS + RFO (G < 0.15)
137338638,VSV,185.6646527535652,MD,CG + RFO (G < 0.10)
137338638,VSV,175.53555330086976,opt,CG + RFO (G < 0.10)
137366954,WEI,135.5008444368632,MD,BFGS + RFO (G < 0.05)
137366954,WEI,120.55053345515306,opt,BFGS + RFO (G < 0.05)
137329120,WEI,120.56029255891131,opt,BFGS + RFO (G < 0.15)
137329120,WEI,135.62088893732002,MD,BFGS + RFO (G < 0.15)
137343825,WEI,120.54846495470895,opt,Lower + RFO
137343825,WEI,135.47067647115713,MD,Lower + RFO
137341952,WEI,120.550533744609,opt,CG + RFO (G < 0.10)
137341952,WEI,135.5318296844177,MD,CG + RFO (G < 0.10)
137359089,WEN,173.5428501358642,MD,Lower + RFO
137340142,WEN,158.4030990209531,opt,BFGS + RFO (G < 0.15)
137340142,WEN,173.55069979861457,MD,BFGS + RFO (G < 0.15)
137359089,WEN,159.85965641073676,opt,Lower + RFO
137322348,WEN,158.40309784350518,opt,BFGS + RFO (G < 0.05)
137322957,WEN,158.40309872659114,opt,CG + RFO (G < 0.10)
137322957,WEN,173.51171842539344,MD,CG + RFO (G < 0.10)
137322348,WEN,173.49033292632623,MD,BFGS + RFO (G < 0.05)
137345542,YFI,172.87029291219386,opt,CG + RFO (G < 0.10)
137345542,YFI,187.6946432157708,MD,CG + RFO (G < 0.10)
137341356,YFI,187.03268878090654,MD,Lower + RFO
137351931,YFI,187.20481667221148,MD,BFGS + RFO (G < 0.05)
137341356,YFI,172.61701968973475,opt,Lower + RFO
137351931,YFI,172.71084490543905,opt,BFGS + RFO (G < 0.05)
137345251,YFI,173.2294158810893,opt,BFGS + RFO (G < 0.15)
137345251,YFI,187.0340438745938,MD,BFGS + RFO (G < 0.15)
139587850,YUG,247.0736606019728,opt,BFGS + RFO (G < 0.05)
137368346,YUG,247.07385146198828,opt,BFGS + RFO (G < 0.15)
137368346,YUG,204.90639786139428,MD,BFGS + RFO (G < 0.15)
137361861,YUG,189.50210239239354,opt,CG + RFO (G < 0.10)
137361861,YUG,203.23014183672953,MD,CG + RFO (G < 0.10)
137321119,ZON,158.60154476482296,MD,BFGS + RFO (G < 0.15)
137332596,ZON,143.96241268342754,opt,Lower + RFO
137332596,ZON,158.65737350334925,MD,Lower + RFO
137321119,ZON,143.96241391964566,opt,BFGS + RFO (G < 0.15)
137329592,ZON,143.96241253266925,opt,BFGS + RFO (G < 0.05)
137358061,ZON,143.9624126231242,opt,CG + RFO (G < 0.10)
137358061,ZON,158.67754879324582,MD,CG + RFO (G < 0.10)
137329592,ZON,158.65755072848367,MD,BFGS + RFO (G < 0.05)
